University	country	ARWU	QS	THE	ARTU	scimagoir	RUR
Stanford University	United States	2	2	2	1	4	3
Harvard University	United States	1	3	3	2	1	1
Massachusetts Institute of Technology	United States	4	1	5	3	5	6
University of Oxford	United Kingdom	9	5	1	4	6	7
University of Cambridge	United Kingdom	3	7	6	5	17	9
California Institute of Technology	United States	8	4	4	5	92	2
Princeton University	United States	6	12	9	7	110	16
University of Chicago	United States	10	9	10	8	39	
Yale University	United States	11	17	8	9	26	12
Swiss Federal Institute of Technology Zurich	Switzerland	20	6	14	10		
University of California, Berkeley	United States	5	30	7	11	22	58
University College London	United Kingdom	16	10	16	11	9	11
Columbia University	United States	7	19	17	13	21	10
Imperial College London	United Kingdom	25	8	11	14	23	4
University of Pennsylvania	United States	19	16	13	15	13	13
Cornell University	United States	12	18	19	16	20	19
Johns Hopkins University	United States	15	25	12	17	7	14
University of California, Los Angeles	United States	13	36	15	18	18	33
Tsinghua University	China	29	15	20	18	3	27
University of Michigan-Ann Arbor	United States	22	21	22	20		
University of Toronto	Canada	23	25	18	21	15	63
Northwestern University	United States	30	29	24	22		15
University of Tokyo	Japan	26	24	36	23	30	41
New York University	United States	27	35	26	24	43	36
Duke University	United States	27	42	20	25	31	
University of Edinburgh	United Kingdom	42	20	30	26		26
Peking University	China	49	23	23	27	16	21
University of California, San Diego	United States	18	54	33	28	19	62
University of Melbourne	Australia	35	41	31	29	29	
King's College London	United Kingdom	47	31	35	30		
University of Manchester	United Kingdom	36	27	51	31		56
National University of Singapore	Singapore	80	11	25	32	28	74
University of Washington	United States	16	72	29	33	11	52
University of British Columbia	Canada	38	45	34	33		82
Kyoto University	Japan	34	38	54	35	84	50
Université Paris Sciences et Lettres	France	36	52	46	36		
Swiss Federal Institute of Technology Lausanne	Switzerland	83	14	43	37		
Technical University Munich	Germany	54	50	41	38		
University of Wisconsin - Madison	United States	32	65	49	39		44
University of Munich	Germany	51	63	32	39		
McGill University	Canada	78	31	40	41	86	37
Nanyang Technological University	Singapore	91	13	47	42	48	34
University of Texas at Austin	United States	41	71	44	43		
Australian National University	Australia	67	31	59	44	202	51
University of Queensland	Australia	54	46	62	45		
Heidelberg University	Germany	57	64	42	46		
University of Sydney	Australia	74	40	51	47	32	71
Carnegie Mellon University	United States	95	51	28	48	98	24
University of Illinois at Urbana-Champaign	United States	45	82	48	49	53	
Washington University in St. Louis	United States	23	105	50	50		20
University of North Carolina at Chapel Hill	United States	30	95	56	51		
UNSW Sydney	Australia	74	44	67	52		
University of Copenhagen	Denmark	33	76	84	53	47	
University of Zurich	Switzerland	56	69	73	54		53
Monash University	Australia	85	55	64	55		135
Seoul National University	South Korea	107	37	60	55	44	
Fudan University	China	100	34	70	55	57	59
Zhejiang University	China	58	53	94	58	10	69
Sorbonne University	France	39	83	87	59		43
Shanghai Jiao Tong University	China	63	47	100	60	14	70
University of Bristol	United Kingdom	64	58	91	61	132	90
University of Hong Kong	Hong Kong, China	156	22	39	62		46
Brown University	United States	102	60	61	63	179	29
Katholieke Universiteit Leuven	Belgium	97	84	45	64		145
University of Southern California	United States	61	121	53	65	72	65
Georgia Institute of Technology	United States	129	80	38	66	82	72
Utrecht University	Netherlands	52	121	75	67	58	75
Chinese University of Hong Kong	Hong Kong, China	149	43	56	67		
London School of Economics and Political Science	United Kingdom	173	49	27	69		85
University of Amsterdam	Netherlands	125	61	66	70	60	
University of Science and Technology of China	China	73	93	87	71	77	48
Boston University	United States	90	110	54	72	100	31
University of Warwick	United Kingdom	118	62	77	73	192	81
University of California, Davis	United States	91	112	64	74	55	86
University of California, Santa Barbara	United States	49	152	68	75	168	184
University of Helsinki	Finland	74	104	98	76	117	
University of Groningen	Netherlands	69	128	80	77	95	139
Leiden University	Netherlands	80	128	70	78	94	
Purdue University - West Lafayette	United States	79	109	94	79		
University of Maryland, College Park	United States	53	152	90	80	123	111
Ohio State University - Columbus	United States	111	108	80	81		
University of Oslo	Norway	60	113	127	82	154	
University of Minnesota	United States	40	177	85	83		73
Ghent University	Belgium	66	135	103	84	80	175
McMaster University	Canada	98	144	69	85	217	141
Uppsala University	Sweden	77	124	111	86	130	
University of Geneva	Switzerland	59	106	149	87		45
University of Western Australia	Australia	85	92	139	88		148
Aarhus University	Denmark	69	147	106	89	112	128
Rice University	United States	110	89	124	90	211	38
University of Glasgow	United Kingdom	154	77	92	90	135	121
Delft University of Technology	Netherlands	188	57	78	90	148	
Pennsylvania State University - University Park	United States	109	101	114	93		
University of Basel	Switzerland	88	149	92	94		
University of Birmingham	United Kingdom	135	87	107	94	134	94
Wageningen University & Research	Netherlands	157	115	62	96		
University of Sheffield	United Kingdom	124	93	121	97		89
University of Bern	Switzerland	117	114	109	98		42
Moscow State University	Russia	93	74	174	99		
Erasmus University Rotterdam	Netherlands	80	197	72	100	102	125
University of Montreal	Canada	159	118	73	101		
Lund University	Sweden	155	97	103	102		77
Vanderbilt University	United States	62	187	111	103	79	57
University of Southampton	United Kingdom	143	90	127	103	145	
Emory University	United States	118	158	85	105	78	30
National Taiwan University	Taiwan, China	201	66	97	106	151	105
University of Nottingham	United Kingdom	111	99	158	107	136	
University of Adelaide	Australia	152	106	118	108		136
University of California, Irvine	United States	69	210	98	109	115	207
City University of Hong Kong	Hong Kong, China	207	48	126	110	256	87
Nanjing University	China	147	124	111	111	88	133
University of Freiburg	Germany	126	175	83	112		196
University of Alberta	Canada	134	119	131	112	93	
University of Pittsburgh, Pittsburgh Campus	United States	96	156	133	114		
Korea Advanced Institute of Science and Technology	South Korea	253	39	96	115	133	22
University of Leeds	United Kingdom	142	91	160	116	162	
Hong Kong University of Science and Technology	Hong Kong, China	313	27	56	117		115
University of Florida	United States	88	162	152	118	65	107
Michigan State University	United States	140	157	105	118	108	124
University of Colorado at Boulder	United States	44	230	131	120		
Case Western Reserve University	United States	122	162	121	120	166	18
Sungkyunkwan University	South Korea	218	88	101	122	153	164
Stockholm University	Sweden	69	181	183	123	264	
Trinity College Dublin	Ireland	178	101	155	124	308	177
Hong Kong Polytechnic University	Hong Kong, China	230	75	129	124	238	248
Queen Mary University of London	United Kingdom	213	114	110	126		
University of Tuebingen	Germany	184	175	78	126		
University of Bonn	Germany	87	240	114	128		
University of Goettingen	Germany	123	195	130	129		
University of Auckland	New Zealand	222	81	147	130	219	213
Radboud University	Netherlands	105	214	136	131		
Technical University of Denmark	Denmark	165	103	187	131	128	32
University of Liverpool	United Kingdom	114	181	163	133	156	152
Tohoku University	Japan	171	79	215	134	170	76
University of Sao Paulo	Brazil	127	115	227	135		108
University of Rochester	United States	162	166	147	136	180	79
University of Paris	France	65	275	136	137		
Korea University	South Korea	241	69	167	138	139	
Vrije Universiteit Amsterdam	Netherlands	131	236	116	139	105	
University of Exeter	United Kingdom	158	164	174	140	269	195
University of Lausanne	Switzerland	137	169	191	141		54
University of Vienna	Austria	183	150	164	141		
Paris-Saclay University	France	14	305	178	141		
Cardiff University	United Kingdom	153	159	191	144	186	162
Tokyo Institute of Technology	Japan	136	56	315	145	327	80
RWTH Aachen University	Germany	257	145	107	146		88
Durham University	United Kingdom	279	86	149	147		137
Hebrew University of Jerusalem	Israel	101	177	237	148	247	99
Arizona State University	United States	113	220	184	149	146	291
King Abdulaziz University	Saudi Arabia	145	143	232	150	175	247
University of Virginia	United States	191	217	117	151	149	
Yonsei University	South Korea	254	85	187	152	124	
Rutgers University, New Brunswick	United States	103	258	166	153		
Universite Catholique de Louvain	Belgium	175	189	164	154		
University of Arizona	United States	132	273	124	155	140	168
University of Technology Sydney	Australia	237	133	160	156		
University of Gothenburg	Sweden	149	202	191	157	194	186
Technical University of Dresden	Germany	219	173	152	158		
Texas A&M University	United States	181	169	197	159		199
KTH Royal Institute of Technology	Sweden	214	98	240	160		
Nagoya University	Japan	83	110	363	161	221	110
Sapienza University of Rome	Italy	169	171	217	162		204
University of Waterloo	Canada	160	166	233	163	205	283
Newcastle University	United Kingdom	231	152	178	164		187
University of Barcelona	Spain	182	183	198	165		239
University of Bologna	Italy	239	160	167	166		
University of York	United Kingdom	283	150	133	166	323	180
Dartmouth College	United States	270	203	101	168	261	92
Pohang University of Science and Technology	South Korea	360	77	151	169	276	35
Osaka University	Japan	164	72	353	170	113	130
Université libre de Bruxelles	Belgium	129	250	214	171		
Tel Aviv University	Israel	176	230	191	172	142	156
University of Sussex	United Kingdom	192	246	160	173	402	158
University of Hamburg	Germany	236	228	135	174		146
Tufts University	United States	188	260	155	175	258	39
University of Aberdeen	United Kingdom	220	207	178	176	418	193
Lancaster University	United Kingdom	335	135	136	177	361	114
University of Cologne	Germany	180	282	145	178		149
Karlsruhe Institute of Technology	Germany	279	131	203	179		126
University of Ottawa	Canada	195	279	145	180	260	192
Technical University of Berlin	Germany	341	148	140	181		165
University of Calgary	Canada	190	246	200	182	158	123
Georgetown University	United States	297	230	120	183	364	84
University of Wollongong	Australia	226	196	231	184	351	241
Maastricht University	Netherlands	298	234	121	184	377	
Western University	Canada	247	203	204	186		194
Macquarie University	Australia	246	214	195	187	409	268
Autonomous University of Barcelona	Spain	262	213	182	188		197
Sun Yat-sen University	China	104	263	294	189		301
University of Cape Town	South Africa	293	220	155	190	366	209
Curtin University	Australia	211	217	248	191	313	253
University of St Andrews	United Kingdom	343	96	241	192		
University of Utah	United States	115	333	242	193	119	138
University of Padua	Italy	216	216	261	194		178
University of Leicester	United Kingdom	299	242	170	195	417	
University of Antwerp	Belgium	305	238	170	196	281	242
Eindhoven University of Technology	Netherlands	407	120	187	197	267	
Queensland University of Technology	Australia	320	217	186	198	292	249
University of Muenster	Germany	174	356	195	199		
University of Notre Dame	United States	351	211	170	200	328	95
University of Reading	United Kingdom	291	205	236	200		154
Chalmers University of Technology	Sweden	363	139	237	202	301	49
Wuhan University	China	170	246	325	203	87	221
Ecole Normale Superieure - Lyon	France	314	161	272	204		
Goethe University Frankfurt	Germany	148	311	291	205		
Aalto University	Finland	402	127	221	205	254	117
University of Malaya	Malaysia	366	59	330	207	242	113
University of Miami	United States	229	291	239	208	215	142
University College Dublin	Ireland	322	177	260	208	322	212
Friedrich–Alexander University Erlangen–Nuremberg	Germany	254	317	198	210		
University of Otago	New Zealand	369	184	222	211	452	234
Northeastern University	United States	239	362	176	212		445
Vrije Universiteit Brussel	Belgium	317	200	262	213	350	
University of Wuerzburg	Germany	203	437	140	214		
Queen's University	Canada	264	246	274	215	457	
University of California, Santa Cruz	United States	166	416	208	216	339	323
Polytechnic University of Milan	Italy	281	137	372	216		370
University of Bergen	Norway	388	194	220	218	338	119
Ulm University	Germany	319	344	140	219		
Beijing Normal University	China	217	279	308	220	268	176
University of East Anglia	United Kingdom	272	333	200	221	340	252
University of Illinois at Chicago	United States	273	256	277	222		
Technion-Israel Institute of Technology	Israel	108	291	409	223		
Deakin University	Australia	234	275	299	223	333	400
University of Bath	United Kingdom	390	173	249	225	382	256
Virginia Polytechnic Institute and State University	United States	242	326	246	226	212	246
Harbin Institute of Technology	China	139	260	418	227	49	167
Queen's University Belfast	United Kingdom	413	209	200	228	288	
Hanyang University	South Korea	296	146	381	229	220	163
Université Grenoble Alpes	France	99	342	386	230		
Huazhong University of Science and Technology	China	118	396	313	230	35	222
Pompeu Fabra University	Spain	389	287	152	232		262
Aalborg University	Denmark	307	305	219	233	275	237
Griffith University	Australia	307	303	225	234	346	310
University of Newcastle	Australia	366	197	281	235		
University of Twente	Netherlands	407	197	243	236	348	78
Hokkaido University	Japan	197	139	514	237	253	122
University of Milan	Italy	184	301	371	238		
Dalhousie University	Canada	277	291	292	239	398	188
Tongji University	China	204	256	404	240	101	185
George Washington University	United States	326	353	187	241	342	98
University of the Witwatersrand	South Africa	266	403	207	242		
Kyushu University	Japan	302	124	453	243	225	
University of Hawaii at Manoa	United States	305	333	243	244		
Autonomous University of Madrid	Spain	341	200	342	245		273
Xian Jiaotong University	China	138	303	449	246		
Royal Melbourne Institute of Technology	Australia	330	223	340	247	416	
Kyung Hee University	South Korea	396	236	266	248	283	231
King Saud University	Saudi Arabia	200	287	415	249	232	386
North Carolina State University - Raleigh	United States	268	295	341	250		
University of Surrey	United Kingdom	379	267	263	251	407	259
University of Iowa	United States	248	420	247	252	174	129
University of California, Riverside	United States	202	449	265	253	287	260
University of Dundee	United Kingdom	370	319	230	254	318	272
University of Colorado Denver	United States	212	398	317	255		
Norwegian University of Science and Technology	Norway	128	360	447	256	239	276
Southern University of Science and Technology	China	362	323	254	257		
Nankai University	China	209	377	362	258	137	270
State University of New York at Buffalo	United States	327	346	275	258		
University of Southern Denmark	Denmark	311	353	286	260	349	
La Trobe University	Australia	324	398	234	261	499	349
Vienna University of Technology	Austria	344	191	422	262		
University of Innsbruck	Austria	295	265	399	263		312
National Tsing Hua University	Taiwan, China	429	168	367	264	384	236
Stony Brook University	United States	282	373	314	265		
University of Tasmania	Australia	288	308	375	266		306
Laval University	Canada	299	420	259	267	400	218
University of Pisa	Italy	161	383	443	268		314
Simon Fraser University	Canada	393	323	273	269	383	321
Mainz University	Germany	278	403	311	270		
Moscow Institute of Physics and Technology	Russia	490	281	226	271		106
Florida State University	United States	259	456	285	272	369	
University of Jena	Germany	420	323	257	272		
Technical University Darmstadt	Germany	435	267	305	274		
University of Tartu	Estonia	426	285	297	275	485	280
Indian Institute of Science	India	502	185	327	276		61
University of Campinas	Brazil	332	233	452	277		
James Cook University	Australia	310	462	250	278		274
Swinburne University of Technology	Australia	269	372	385	279		420
University of Tsukuba	Japan	261	265	504	280	358	144
University of Stuttgart	Germany	344	333	355	281		
Charles University in Prague	Czech Republic	286	260	487	282		250
Brandeis University	United States	346	446	245	283		315
University College Cork	Ireland	416	286	335	283	449	433
University of Kansas	United States	270	383	392	285	237	150
University of Turku	Finland	395	287	365	286	441	307
University of Strasbourg	France	133	398	522	287		
University of Tennessee - Knoxville	United States	283	432	338	287		
South China University of Technology	China	178	462	414	289	71	362
Complutense University of Madrid	Spain	252	206	600	290		481
Tianjin University	China	187	387	499	291	56	
Colorado State University	United States	224	443	412	292		284
University of Western Sydney	Australia	368	474	251	293		419
Ruhr-University Bochum	Germany	401	439	258	294		
University of Liège	Belgium	299	451	351	295		
University of Lisbon	Portugal	198	357	549	296		335
Vita-Salute San Raffaele University	Italy	457	392	255	296		
University of Navarra	Spain	570	252	282	296		293
Umea University	Sweden	407	333	366	299	412	331
University of Victoria	Canada	348	370	393	300		432
University of Bordeaux	France	258	425	430	301		258
University of Missouri - Columbia	United States	193	483	446	302		
University of Canterbury	New Zealand	446	270	406	302		285
University of South Australia	Australia	505	295	322	302	428	376
Linkoping University	Sweden	354	362	411	305	271	
Flinders University	Australia	421	423	283	305		327
Washington State University	United States	394	411	325	307		304
Loughborough University	United Kingdom	552	226	359	308		282
Oregon State University	United States	215	499	427	309	386	
Wake Forest University	United States	470	380	295	310	363	
Southeast University - China	China	144	493	511	311		
University of Trento	Italy	406	403	344	312		
Pontifical Catholic University of Chile	Chile	529	121	513	313		
University of Naples Federico II	Italy	337	392	435	314		
King Fahd University of Petroleum & Minerals	Saudi Arabia	474	186	507	315		
University of Porto	Portugal	365	357	456	316		289
University of Florence	Italy	318	432	429	317		
Xiamen University	China	231	432	528	318	195	395
National Autonomous University of Mexico	Mexico	248	100	848	319		436
National University of Ireland, Galway	Ireland	614	238	347	320		
Stellenbosch University	South Africa	459	456	287	321		299
American University of Beirut	Lebanon	657	220	331	322		278
Beihang University	China	199	449	570	323		229
Tilburg University	Netherlands	627	368	223	323		219
University of Kent	United Kingdom	512	380	328	325		
Beijing Institute of Technology	China	243	392	586	326	171	292
National Cheng Kung University	Taiwan, China	387	234	602	327	460	341
University of Oulu	Finland	499	408	316	327	446	317
Saint Petersburg State University	Russia	315	225	693	329		305
Tampere University	Finland	530	409	302	330	376	
Victoria University of Wellington	New Zealand	475	223	544	331		397
University of Strathclyde	United Kingdom	501	300	454	332	426	264
Qatar University	Qatar	693	245	319	333		
National Chiao Tung University	Taiwan, China	468	240	565	334	466	290
Università della Svizzera italiana	Switzerland	716	273	284	334		
Keio University	Japan	359	191	731	336	315	364
Brunel University	United Kingdom	550	368	368	337		277
University of Essex	United Kingdom	577	411	300	338		355
University of Canberra	Australia	661	456	184	339		
University of Saskatchewan	Canada	353	465	484	340		267
University of Macau	Macao, China	630	367	307	341	489	330
Boston College	United States	552	454	300	342		228
National Yang-Ming University	Taiwan, China	593	298	418	343	468	
Shandong University	China	196	485	629	344	81	
Mahidol University	Thailand	421	252	646	345		414
UiT The Arctic University of Norway	Norway	530	416	390	346		
University of Konstanz	Germany	645	443	264	347		269
Swansea University	United Kingdom	608	474	288	348		393
Tulane University	United States	653	414	304	349		134
National University of Malaysia	Malaysia	572	141	662	350		
Royal Holloway, University of London	United Kingdom	743	308	333	351		202
Taipei Medical University	Taiwan, China	696	387	303	352	477	
Jagiellonian University	Poland	466	326	599	353	352	358
Universidade NOVA de Lisboa	Portugal	604	428	369	354		
Novosibirsk State University	Russia	508	228	674	355		
Wayne State University	United States	560	477	380	356	240	
University of Science, Malaysia	Malaysia	543	142	735	357		
Hong Kong Baptist University	Hong Kong, China	795	264	378	358		385
Heriot-Watt University	United Kingdom	768	301	376	359		255
University of Eastern Finland	Finland	515	499	437	360		343
Tokyo Medical And Dental University	Japan	654	362	444	361		
Hasselt University	Belgium	634	456	374	362		
City, University of London	United Kingdom	763	350	354	363		
Rensselaer Polytechnic Institute	United States	469	470	529	364		263
Higher School of Economics	Russia	885	298	298	365		
Sharif University of Technology	Iran	600	409	476	366		
Graz University of Technology	Austria	665	275	558	367		
Massey University	New Zealand	637	272	604	368		361
Politecnico di Torino	Italy	614	308	594	369		
National Research Nuclear University MEPhI	Russia	701	314	502	370		101
Universiti Teknologi Malaysia	Malaysia	656	187	684	371		287
University of Jyväskylä	Finland	723	333	481	372		
University of Warsaw	Poland	398	321	820	373		363
University of Chile	Chile	465	180	899	374		
Polytechnic University of Valencia	Spain	378	326	846	375		405
Shanghai University	China	351	387	825	376	405	426
University of Coimbra	Portugal	520	431	615	377		297
Amirkabir University of Technology	Iran	575	477	527	378		
University of Science and Technology Beijing	China	275	446	862	379	336	
Ewha Womans University	South Korea	591	333	678	380		360
Tomsk State University	Russia	808	250	545	381		103
Auckland University of Technology	New Zealand	913	437	256	382		446
Universiti Putra Malaysia	Malaysia	792	132	692	383		266
Kobe University	Japan	441	403	782	384	495	217
University of Cyprus	Cyprus	633	477	519	385		
University of Waikato	New Zealand	755	375	523	386		462
Jilin University	China	172	493	1002	387	76	409
Gwangju Institute of Science and Technology	South Korea	877	295	509	388		190
Hiroshima University	Japan	535	321	827	389		275
Chung-Ang University	South Korea	672	403	620	390		337
Birkbeck, University of London	United Kingdom	986	344	379	391		279
National Taiwan University of Science and Technology	Taiwan, China	893	267	562	392		351
Chulalongkorn University	Thailand	729	208	801	393		325
Federal University of Rio de Janeiro	Brazil	411	380	949	394		
Waseda University	Japan	686	189	869	395		485
Concordia University	Canada	635	477	632	395		586
University of Stirling	United Kingdom	930	485	339	397		410
Universitat Politècnica de Catalunya	Spain	748	314	702	398		
Sao Paulo State University	Brazil	339	493	952	399		
Lappeenranta-Lahti University of Technology	Finland	954	470	383	400		
Stanford University	United States	2	2	4	1	4	3
Massachusetts Institute of Technology	United States	4	1	5	2	5	6
Harvard University	United States	1	3	7	3	1	1
University of Oxford	United Kingdom	7	4	1	4	6	7
University of Cambridge	United Kingdom	3	7	3	5	17	9
California Institute of Technology	United States	9	5	2	6	92	2
Princeton University	United States	6	13	6	7	110	16
University of Chicago	United States	10	10	9	8	39	
Yale University	United States	11	17	8	9	26	12
University College London	United Kingdom	15	8	15	10	9	11
Swiss Federal Institute of Technology Zurich	Switzerland	19	6	13	10		
Columbia University	United States	8	18	16	12	21	10
Imperial College London	United Kingdom	23	9	10	12	23	4
University of Pennsylvania	United States	17	15	11	14	13	13
University of California, Berkeley	United States	5	28	13	15	22	58
Cornell University	United States	13	14	19	15	20	19
Johns Hopkins University	United States	16	24	12	17	7	14
University of Michigan-Ann Arbor	United States	20	21	21	18		
University of California, Los Angeles	United States	11	35	17	19	18	33
University of Toronto	Canada	24	29	18	20	15	63
Duke University	United States	28	25	20	21	31	
University of Edinburgh	United Kingdom	31	20	30	22		26
Northwestern University	United States	29	31	22	23		15
Tsinghua University	China	43	16	23	23	3	27
University of Tokyo	Japan	25	22	36	25	30	41
University of California, San Diego	United States	18	45	31	26	19	62
New York University	United States	30	39	29	27	43	36
Peking University	China	53	22	24	28	16	21
National University of Singapore	Singapore	67	11	25	29	28	74
University of Washington	United States	14	68	26	30	11	52
University of Melbourne	Australia	41	38	32	31	29	
University of Manchester	United Kingdom	33	27	55	32		56
University of British Columbia	Canada	35	51	34	33		82
King's College London	United Kingdom	51	33	36	33		
Kyoto University	Japan	32	33	65	35	84	50
Nanyang Technological University	Singapore	73	11	48	36	48	34
University of Wisconsin - Madison	United States	27	56	51	37		44
Swiss Federal Institute of Technology Lausanne	Switzerland	78	18	38	37		
University of Munich	Germany	52	63	32	39		
University of Texas at Austin	United States	45	65	38	40		
Australian National University	Australia	76	29	50	41	202	51
Technical University Munich	Germany	57	55	43	41		
Heidelberg University	Germany	47	66	44	43		
University of Illinois at Urbana-Champaign	United States	38	75	48	44	53	
University of Queensland	Australia	54	47	66	45		
McGill University	Canada	90	35	42	45	86	37
Carnegie Mellon University	United States	95	48	27	47	98	24
University of North Carolina at Chapel Hill	United States	33	90	54	48		
University of Sydney	Australia	80	42	60	49	32	71
Washington University in St. Louis	United States	22	108	52	49		20
Brown University	United States	84	57	53	51	179	29
University of Bristol	United Kingdom	64	49	87	52	132	90
Sorbonne University	France	44	77	80	53		43
Monash University	Australia	73	58	75	54		135
UNSW Sydney	Australia	94	43	71	55		
University of Copenhagen	Denmark	26	81	101	55	47	
Seoul National University	South Korea	108	37	64	57	44	
Katholieke Universiteit Leuven	Belgium	85	80	45	58		145
University of Hong Kong	Hong Kong, China	150	25	35	58		46
Georgia Institute of Technology	United States	113	72	38	60	82	72
University of Zurich	Switzerland	61	76	90	61		53
Zhejiang University	China	70	54	107	62	10	69
Boston University	United States	76	98	61	63	100	31
University of California, Santa Barbara	United States	48	135	57	64	168	184
Utrecht University	Netherlands	49	120	75	65	58	75
Chinese University of Hong Kong	Hong Kong, China	141	46	57	65		
University of Southern California	United States	55	129	62	67	72	65
University of California, Davis	United States	90	104	55	68	55	86
University of Warwick	United Kingdom	111	62	77	69	192	81
University of Groningen	Netherlands	65	114	73	70	95	139
Fudan University	China	108	40	109	71	57	59
University of Amsterdam	Netherlands	135	64	62	72	60	
London School of Economics and Political Science	United Kingdom	193	44	27	73		85
University of Helsinki	Finland	63	107	96	74	117	
Leiden University	Netherlands	82	118	67	75	94	
Pennsylvania State University - University Park	United States	98	93	78	76		
Purdue University - West Lafayette	United States	72	111	88	77		
Ohio State University - Columbus	United States	100	101	70	77		
University of Maryland, College Park	United States	46	136	91	79	123	111
University of Minnesota	United States	41	156	79	80		73
University of Science and Technology of China	China	107	89	80	80	77	48
Uppsala University	Sweden	62	116	102	82	130	
Delft University of Technology	Netherlands	163	50	67	82	148	
Rice University	United States	95	85	105	84	211	38
Shanghai Jiao Tong University	China	82	60	157	85	14	70
McMaster University	Canada	90	140	72	86	217	141
University of Oslo	Norway	59	119	131	87	154	
Lund University	Sweden	121	92	96	87		77
University of Geneva	Switzerland	58	110	144	89		45
University of Western Australia	Australia	99	86	131	90		148
University of Birmingham	United Kingdom	124	81	112	91	134	94
Ghent University	Belgium	66	130	123	92	80	175
Aarhus University	Denmark	60	145	115	93	112	128
Erasmus University Rotterdam	Netherlands	68	183	69	93	102	125
University of Sheffield	United Kingdom	126	78	117	95		89
University of Glasgow	United Kingdom	157	67	99	96	135	121
University of Basel	Switzerland	87	151	94	97		
Wageningen University & Research	Netherlands	155	125	59	98		
University of Pittsburgh, Pittsburgh Campus	United States	89	140	113	99		
University of Bern	Switzerland	117	123	113	100		42
Karolinska Institute	Sweden					73	5
ETH Zurich	Switzerland						8
Ecole Polytechnique Federale de Lausanne	Switzerland					85	17
Scuola Normale Superiore di Pisa	Italy						23
University of Michigan	USA						25
King`s College London	UK						28
Royal Institute of Technology	Sweden					208	40
University of Pittsburgh	USA					54	47
Ludwig Maximilian University of Munich	Germany						55
Chinese University Hong Kong	Hong Kong						60
Wageningen University & Research Center	Netherlands						64
Ruprecht Karl University of Heidelberg	Germany						66
Technische Universitat Dresden	Germany					173	67
University of North Carolina	USA						68
Technical University of Munich	Germany						83
Lomonosov Moscow State University	Russia						91
Ohio State University	USA						93
USI - Universita della Svizzera italiana	Switzerland						96
University of St. Andrews	UK					395	97
Universite de Montreal	Canada					213	100
Rutgers the State University of New Jersey	USA						102
Medical University of Vienna	Austria						104
University of Gottingen	Germany						109
University of Queensland Australia	Australia						112
Free University of Berlin	Germany						116
Radboud University Nijmegen	Netherlands					324	118
Queen Mary, University of London	UK					141	120
University of New South Wales	Australia					61	127
Tokyo Medical and Dental University	Japan						131
Pennsylvania State University	USA					70	132
Technion Israel Institute of Technology	Israel						140
Humboldt University of Berlin	Germany						143
Rockefeller University	USA						147
Universite de Paris	France					33	151
North Carolina State University	USA					172	153
State University of Campinas	Brazil						155
A.C.Camargo Cancer Center	Brazil						157
Vrije Universiteit Brussels	Belgium						159
University of Erlangen Nuremberg	Germany						160
Tehran University of Medical Sciences	Iran					285	161
University of Colorado	USA						166
University of Nova Gorica	Slovenia						169
Colorado School of Mines	USA						170
University of Hawaii	USA						172
Weizmann Institute of Science	Israel					203	173
Indiana University	USA						174
IMT Atlantique	France						179
University of Wurzburg	Germany						181
Central European University	Hungary						182
State University of New York, Stony Brook	USA					252	183
State University of New York, Buffalo	USA					274	189
University Catholique de Louvain	Belgium						191
University of Munster	Germany						198
University of Montpellier	France						200
University of Ulm	Germany						201
Temple University	USA					216	203
Swedish University of Agricultural Sciences	Sweden						205
University of Connecticut	USA						206
Aix Marseille University	France						208
William & Mary	USA						210
Technical University of Darmstadt	Germany						211
University of Alaska	USA						214
St George`s University of London	UK						215
Isfahan University of Technology	Iran						216
China Agricultural University	China					278	220
School of Oriental and African Studies	UK						223
University of Tennessee Knoxville	USA						224
Xi`an Jiaotong University	China						225
University of Tehran	Iran					422	226
Indian Institute of Technology, Delhi	India						227
Indian Institute of Technology, Madras	India						230
Universite Libre de Bruxelles	Belgium					362	232
Fujita Health University	Japan						233
University of Georgia	USA					236	235
Queen`s University Belfast	UK						238
Universiti Sains Malaysia	Malaysia						240
Lappeenranta University of Technology	Finland						243
Syracuse University	USA						244
Universite Grenoble Alpes	France						245
University of New Mexico	USA					335	251
Indian Institute of Science Education and Research, Pune	India						254
Universiti Kebangsaan Malaysia	Malaysia						257
University of Trieste	Italy						261
University of Witwatersrand	South Africa						265
Queens University	Canada						271
American University	USA						281
University of Guelph	Canada						286
Creighton University	USA						288
University of Texas at Dallas	USA						294
University of Nebraska	USA						295
Southeast University	China						296
University of Nebraska Medical Center	USA					442	298
University of South Florida	USA					296	300
University of Manitoba	Canada					388	302
University of Delaware	USA					423	303
Johann Wolfgang Goethe University Frankfurt am Main	Germany						308
National University of Science and Technology MISiS	Russia						309
East China Normal University	China					393	311
Bar-Ilan University	Israel						313
Okayama University	Japan						316
University of South Carolina	USA					471	318
Aveiro University	Portugal						319
Lehigh University	USA						320
University of Jyvaskyla	Finland						322
ITMO University	Russia						324
RMIT University	Australia						326
Central South University	China					75	328
Bielefeld University	Germany						329
Nanjing Medical University	China					282	332
University of Genoa	Italy						333
Indian Institute of Technology, Kanpur	India						334
King Fahd University of Petroleum and Minerals	Saudi Arabia						336
Florida Institute of Technology	USA						338
Semmelweis University	Hungary						339
Renmin University of China	China						340
Louisiana State University	USA						342
University of Vermont	USA						344
Pontificia University Catolica de Chile	Chile						345
Sichuan University	China					69	346
Auburn University	USA						347
Texas Tech University	USA						348
University of Hyderabad	India						350
Oklahoma State University	USA						352
Bilkent University	Turkey						353
Koc University	Turkey						354
University of Iceland	Iceland						356
Hofstra University	USA						357
Northwestern Polytechnical University	China					191	359
George Mason University	USA						365
Dalian University of Technology	China					160	366
West Virginia University	USA						367
University of Tromso	Norway						368
Universite Cote d`Azur	France						369
University of Nova de Lisboa	Portugal						371
Kazan Federal University	Russia						372
University of Bremen	Germany						373
University of KwaZulu Natal	South Africa						374
Tomsk Polytechnic University	Russia						375
University of Debrecen	Hungary						377
Polytechnic University of Catalonia	Spain						378
Kanazawa University	Japan						379
Aberystwyth University	UK						380
University of St. Gallen	Switzerland						381
National Taiwan Normal University	Taiwan						382
University of Houston	USA					427	383
Peter the Great St. Petersburg Polytechnic University	Russia						384
Bogazici University	Turkey						387
Hacettepe University	Turkey						388
University of Sherbrooke	Canada						389
Iran University of Science & Technology	Iran						390
Konkuk University	Republic of Korea					379	391
University of Oregon	USA						392
Chiba University	Japan						394
Sabanci University	Turkey						396
University of Pretoria	South Africa						398
University of Idaho	USA						399
RUDN University	Russia						401
University of Hannover	Germany						402
Keele University	UK						403
Comenius University in Bratislava	Slovakia						404
Chang Gung University	Taiwan						406
National Central University	Taiwan						407
Osaka City University	Japan						408
National Sun Yat-Sen University	Taiwan						411
State University of New York, Albany	USA						412
Bauman Moscow State Technical University	Russia						413
Polytechnic University of Turin	Italy						415
University of Szeged	Hungary						416
Juntendo University	Japan						417
Aston University	UK						418
University of Plymouth	UK						421
The New School	USA						422
Beijing University of Technology	China						423
East China University of Science and Technology	China					314	424
Middle East Technical University	Turkey						425
Yokohama City University	Japan						427
Kumamoto University	Japan						428
China Medical University	China						429
Kent State University	USA						430
Vilnius University	Lithuania						431
IMT Mines Albi-Carmaux	France						434
University of Rovira i Virgili	Spain						435
Hunan University	China					197	437
Jamia Millia Islamia	India						438
Soochow University	China						793
K. N. Toosi University of Technology	Iran						440
University of Minho	Portugal						441
University of Ferrara	Italy						442
Sechenov University	Russia						443
Shahid Beheshti University	Iran						444
Nanjing University of Technology	China					392	447
University of Hull	UK						448
Masaryk University	Czech Republic					453	449
Oxford Brookes University	UK						450
Universita Cattolica del Sacro Cuore	Italy					456	451
Palacky University of Olomouc	Czech Republic						452
University of Turin	Italy						453
National Chung Hsing University	Taiwan						454
Lobachevsky University	Russia						455
Istanbul Technical University	Turkey						456
Worcester Polytechnic Institute	USA						457
Kyungpook National University	Republic of Korea					380	458
University of Ljubljana	Slovenia					290	459
University of Valencia	Spain						460
New Mexico State University	USA						461
New Jersey Institute of Technology	USA						463
Eotvos Lorand University	Hungary						464
University of Arkansas	USA						465
Osaka Prefecture University	Japan						466
Beijing University of Chemical Technology	China					325	467
Kaohsiung Medical University	Taiwan						468
University of New Brunswick	Canada						469
Yokohama National University	Japan						470
Manipal Academy of Higher Education	India						471
University of Crete	Greece						472
University de Lorraine	France						473
Nanjing University of Science & Technology	China						474
North Dakota State University	USA						475
University of Electronic Science and Technology of China	China					107	476
University of Qatar	Qatar						477
York University	Canada						478
University of Rome III	Italy						479
Moscow Aviation Institute	Russia						480
Florida International University	USA					474	482
Polytechnic University of Madrid	Spain						483
Liverpool John Moores University	UK						484
Gifu University	Japan						486
Old Dominion University	USA						487
Kyushu Institute of Technology	Japan						488
University of Sofia	Bulgaria						489
Macau University of Science and Technology	Macau						490
National Taras Shevchenko University of Kyiv	Ukraine						491
Indian Institute of Technology	India						492
Ca`Foscari University of Venice	Italy						493
Charles III University of Madrid	Spain						494
University of Puerto Rico	Puerto Rico						495
University of Santiago de Compostela	Spain						496
Australian Catholic University	Australia						497
Stevens Institute of Technology	USA						498
University of Alabama Birmingham	USA						499
Babol Noshirvani University of Technology	Iran						500
University of Tabriz	Iran						501
Chongqing University	China					204	502
Ankara University	Turkey						503
Dublin City University	Ireland						504
Northumbria University	UK						505
University of Texas at Arlington	USA						506
Jinan University	China					374	507
Chonnam National University	Republic of Korea					454	508
Universite de Tunis El Manar	Tunisia						509
Shanghai University of Traditional Chinese Medicine	China						510
University of Lucerne	Switzerland						511
Chonbuk National University	Republic of Korea						512
University of Greenwich	UK						513
Sogang University	Republic of Korea						514
Monterrey Institute of Technology and Higher Education	Mexico						515
University of Bradford	UK						516
Jiangnan University	China					210	517
American University in Cairo	Egypt						518
University of Texas at San Antonio	USA						519
Jeonbuk National University	Republic of Korea						520
Universidade Federal do Ceara	Brazil						521
Edith Cowan University	Australia						522
University of Portsmouth	UK						523
Universite du Quebec a Montreal	Canada						524
IQS Universitat Ramon Llull	Spain						525
University of Zaragoza	Spain						526
Istanbul University	Turkey						527
Siberian Federal University	Russia						528
University of the Basque Country	Spain						529
Brno University of Technology	Czech Republic						530
Nanjing University of Aeronautics & Astronautics	China						531
Murdoch University	Australia						532
Texas Christian University	USA						533
Yamagata University	Japan						534
University of Southern Queensland	Australia						535
Toyohashi University of Technology	Japan						536
Mississippi State University	USA						537
University of Salamanca	Spain						538
University of Zagreb	Croatia					396	539
Warsaw University of Technology	Poland						540
Lebanese American University	Lebanon						541
Northeast Normal University	China						542
University of Central Florida	USA					475	543
Aristotle University of Thessaloniki	Greece					465	544
Tottori University	Japan						545
Wuhan University of Technology	China					344	546
National Taipei University of Technology	Taiwan						547
China Pharmaceutical University	China					310	548
University of Johannesburg	South Africa						549
Riga Technical University	Latvia						550
Belarusian State University	Belarus						551
Chiang Mai University	Thailand						552
Amrita Vishwa Vidyapeetham University	India						553
Beijing Forestry University	China						554
University of Peradeniya	Sri Lanka						555
Middlesex University	UK						556
University of Ulster	UK						557
Mendeleev University of Chemical Technology	Russia						558
Hitotsubashi University	Japan						559
University of Seville	Spain						560
Saint-Petersburg State Electotechnical University ``LETI``	Russia						561
Coventry University	UK						562
San Diego State University	USA						563
Fluminense Federal University	Brazil						564
Xidian University	China					223	565
Financial University under the Government of the Russian Federation	Russia						566
National Research University of Electronic Technology	Russia						567
University of Electro-Communications	Japan						568
Pirogov Russian National Research Medical University	Russia						569
State University of New York, Binghamton	USA						570
University of Baghdad	Iraq						571
University of Vigo	Spain						572
University of Bari	Italy						573
ISCTE – University Institute of Lisbon	Portugal						574
Samara University	Russia						575
Gyeongsang National University	Republic of Korea						576
Al-Farabi Kazakh National University	Kazakhstan						577
Kashan University	Iran						578
Maynooth University	Ireland						579
University of Hertfordshire	UK						580
Tokai University	Japan						581
East Carolina University	USA						582
University of Brescia	Italy						583
University of Central Lancashire	UK						584
University of Memphis	USA						585
University of Alcala	Spain						587
Oakland University	USA						588
Glasgow Caledonian University	UK						589
Southern Cross University	Australia						590
Thammasat University	Thailand						591
Sumy State University	Ukraine						592
Northern Arizona University	USA						593
Chung Shan Medical University	Taiwan						594
Babes-Bolyai University	Romania						595
Inha University	Republic of Korea						596
Florida Atlantic University	USA						597
TOBB University of Economics and Technology	Turkey						598
University of the West of England	UK						599
Manchester Metropolitan University	UK						600
Ryazan State Medical University	Russia						601
Gebze Technical University	Turkey						602
Universite de Carthage	Tunisia						603
Miami University	USA						604
Ege University	Turkey						605
Cochin University of Science and Technology	India						606
De Montfort University	UK						607
King Mongkut`s University of Technology Thonburi	Thailand						608
University of Maribor	Slovenia						609
Yeungnam University	Republic of Korea						610
Altai State University	Russia						611
Orel State University	Russia						612
Austral University	Argentina						613
Federation University Australia	Australia						614
Northeast Federal University	Russia						615
National Technical University Kharkiv Polytechnic Institute	Ukraine						616
Bashkirian State Medical University	Russia						617
University of Quebec at Chicoutimi	Canada						618
Gazi University	Turkey						619
Hallym University	Republic of Korea						620
Portland State University	USA						621
Far Eastern Federal University	Russia						622
Pontificia Universidade Catolica do Rio Grande do Sul	Brazil						623
Siberian State Medical University	Russia						624
Jiangsu University	China					255	625
West University of Timisoara	Romania						626
Lodz University of Technology	Poland						627
Cairo University	Egypt						628
University of Bucharest	Romania						629
University Politechica of Bucharest	Romania						630
Metropolitan Autonomous University	Mexico						631
Sheffield Hallam University	UK						632
Voronezh State University	Russia						633
Gdansk University of Technology	Poland						634
Shenzhen University	China					270	635
American University of Sharjah	United Arab Emirates						636
Ivane Javakhishvili Tbilisi State University	Republic of Georgia						637
University of South Africa	South Africa						638
Zhejiang University of Technology	China					341	639
RANEPA, The Russian Presidential Academy of National Economy and Public Administration	Russia						640
Kasetsart University	Thailand						641
Fu Jen Catholic University	Taiwan						642
Allameh Tabataba`i University	Iran						643
University of Monastir	Tunisia						644
London Metropolitan University	UK						645
Eskisehir Osmangazi University	Turkey						646
Prince of Songkla University	Thailand						647
Immanuel Kant Baltic Federal University	Russia						648
Novosibirsk State Technical University	Russia						649
Baku State University	Azerbaijan						650
New Economic School	Russia						651
L.N. Gumilyov Eurasian National University	Kazakhstan						652
University of Lodz	Poland						653
Tomsk State Pedagogical University	Russia						654
National Chung Cheng University	Taiwan						655
Kursk State Medical University	Russia						656
Grigore T. Popa University of Medicine and Pharmacy	Romania						657
Plekhanov Russian University of Economics	Russia						658
Pontificial Catholic University of Valparaiso	Chile						659
Kyiv National Economic University	Ukraine						660
Khon Kaen University	Thailand						661
Yildiz Technical University	Turkey						662
Technical University of Moldova	Moldova						663
Suranaree University of Technology	Thailand						664
University of West Bohemia	Czech Republic						665
University of Basrah	Iraq						666
University of Patras	Greece						667
The Herzen State Pedagogical University of Russia	Russia						668
Yanshan University	China						669
Vellore Institute of Technology	India						670
Makerere University	Uganda						671
Moscow Pedagogical State University	Russia						672
King Mongkut`s Institute of Technology Ladkrabang	Thailand						673
Alexandria University	Egypt						674
University of Agricultural Sciences and Veterinary Medicine of Cluj-Napoca	Romania						675
Kindai University	Japan						676
Atilim University	Turkey						677
Southwest Jiaotong University	China					461	678
Kazan National Research Technical University named after A.N. Tupolev	Russia						679
Yangzhou University	China						680
Mustansiriyah University	Iraq						681
Erciyes University	Turkey						682
Tomsk State University of Control Systems and Radioelectronics	Russia						683
Innopolis University	Russia						684
National Taipei University	Taiwan						685
University of Science and Technology	Republic of Korea						686
Gubkin Russian State University of Oil and Gas	Russia						687
Irkutsk State University	Russia						688
Belgorod National Research University	Russia						689
Qingdao University	China						690
University of Rijeka	Croatia						691
Kuwait University	Kuwait						692
South China Normal University	China						693
Moscow State University of Civil Engineering	Russia						694
Universidad Pontificia Bolivariana de Medellin-Colombia	Colombia						695
Moscow Technological University	Russia						696
Suleyman Demirel University - Kazakhstan	Kazakhstan						697
Ufa State Aviation Technical University	Russia						698
Wuhan University of Science & Technology	China						699
Asia University	Taiwan						700
Shibaura Institute of Technology	Japan						701
University of Kurdistan	Iran						702
Russian New University	Russia						703
University of Malaysia Perlis	Malaysia						704
Amity University	India						705
Liaoning University	China						706
Universite de la Manouba	Tunisia						707
Kharkiv National University of Radio Electronics	Ukraine						708
National Taiwan Ocean University	Taiwan						709
Jiangsu Normal University	China						710
Chang`an University	China						711
Bashkir State University	Russia						712
Perm State University	Russia						713
Tver State Technical University	Russia						714
Yuan Ze University	Taiwan						715
Chung Yuan Christian University	Taiwan						716
National Yunlin University of Science and Technology	Taiwan						717
Odessa National Academy of Food Technologies	Ukraine						718
National University of Ostroh Academy	Ukraine						719
Autonomous University of Mexico State	Mexico						720
Institute of Space Technology	Pakistan						721
Marmara University	Turkey						722
University of Kufa	Iraq						723
Hawler Medical University	Iraq						724
Xiangtan University	China						725
Dublin Institute of Technology	Ireland						726
Dunarea de Jos University of Galati	Romania						727
Kazan National Research Technological University	Russia						728
Salahaddin University	Iraq						729
National Changhua University of Education	Taiwan						730
European University at St. Petersburg	Russia						731
South Ukrainian National Pedagogical University named after K.D. Ushynsky	Ukraine						732
National Dong Hwa University	Taiwan						733
Feng Chia University	Taiwan						734
Athens University of Economics and Business	Greece						735
Alzahra University	Iran						736
Tyumen State University	Russia						737
Perm National Research Polytechnic University	Russia						738
University of Sarajevo	Bosnia And Herzegovina						739
Saint Petersburg State University of Architecture and Civil Engineering	Russia						740
University of Anbar	Iraq						741
Tamkang University	Taiwan						742
National University of Uzbekistan	Bosnia And Herzegovina						743
Leeds Beckett University	UK						744
Omsk State Technical University	Russia						745
Southwest State University	Russia						746
Mordovia State University	Russia						747
``George Emil Palade`` University of Medicine, Pharmacy, Science, and Technology  of Targu Mures	Romania						748
Hunan Normal University	China						749
Ural State University of Economics	Russia						750
Ataturk University	Turkey						751
California State University, Long Beach	USA						752
Beni-Suef University	Egypt						753
Omsk State University	Russia						754
Ninevah University	Iraq						755
Reshetnev Siberian State University of Science and Technology	Russia						756
University of AL-Qadisiyah	Iraq						757
South Ural State University	Russia						758
Tver State University	Russia						759
University of South China	China						760
Wenzhou University	China						761
Democritus University of Thrace	Greece						762
Volgograd State University	Russia						763
Shanghai Maritime University	China						764
The Kosygin State University of Russia	Russia						765
Maikop State Technological University	Russia						766
Samara State Technical University	Russia						767
Moscow State University of Food Production	Russia						768
University of Babylon	Iraq						769
Ostrogradskiy National University of Kremenchuk	Ukraine						770
University of Mosul	Iraq						771
King Mongkut`s University of Technology North Bangkok	Thailand						772
Al-Iraqia University	Iraq						773
Polzunov Altai State Technical University	Russia						774
Azerbaijan State University of Economics	Azerbaijan						775
Tambov State Technical University	Russia						776
Tanta University	Egypt						777
University of Information Technology and Communications	Iraq						778
I-Shou University	Taiwan						779
Chung Hua University	Taiwan						780
Kabardino-Balkarian State University	Russia						781
Technical University of Cluj-Napoca	Romania						782
Mahasarakham University	Thailand						783
University of Fallujah	Iraq						784
Don State Technical University	Russia						785
Southwest Petroleum University	China						786
Ubon Ratchathani University	Thailand						787
Lipetsk State Technical University	Russia						788
Azerbaijan University of Architecture and Construction	Azerbaijan						789
Middle Technical University	Iraq						790
Ufa State Petroleum Technological University	Russia						791
Vladimir State University named after Alexander and Nikolay Stoletovs	Russia						792
European University Skopje	North Macedonia						794
Chaoyang University of Technology	Taiwan						795
Al-Ahliyya Amman University	Jordan						796
Voronezh State Technical University	Russia						797
University of Dubrovnik	Croatia						798
North Caucasus Federal University	Russia						799
Tunghai University	Taiwan						800
Kafrelsheikh University	Egypt						801
Tomsk State University of Architecture and Building	Russia						802
University of Kerbala	Iraq						803
ESIC Business and Marketing School	Spain						804
Volgograd State Technical University	Russia						805
National Chiayi University	Taiwan						806
Istanbul Gelisim University	Turkey						807
University of Thi-Qar	Iraq						808
Istanbul Medipol University	Turkey						809
Emperor Alexander I St.Petersburg State Transport University	Russia						810
Ming Chuan University	Taiwan						811
Novosibirsk State University of Economics and Management	Russia						812
Al-Mustaqbal University College	Iraq						813
Al-Kitab University	Iraq						814
Kemerovo State University	Russia						815
Al-Nisour University College	Iraq						816
NED University of Engineering and Technology	Pakistan						817
University of Petra	Jordan						818
Ulyanovsk State University	Russia						819
Poltava National Technical Yuri Kondratyuk University	Ukraine						820
Tatung University	Taiwan						821
Pacific National University	Russia						822
Islamic University in Najaf	Iraq						823
Interdisciplinary Center Herzliya	Israel						824
Tra Vinh University	Vietnam						825
Maritime University Szczecin	Poland						826
Mari State University	Russia						827
Al-Furat Al-Awsat Technical  University	Iraq						828
Togliatti State University	Russia						829
EA Buketov Karaganda State University	Kazakhstan						830
Sevastopol State University	Russia						831
Can Tho University	Vietnam						832
Vyatka State University	Russia						833
National Formosa University	Taiwan						834
Al Muthanna University	Iraq						835
Northern Technical University	Iraq						836
Belgorod State Technological University	Russia						837
Al-Karkh University of Science	Iraq						838
Platov South-Russian State Polytechnic University	Russia						839
Jabir Ibn Hayyan Medical University	Iraq						840
Behalf of Basrah University College of Science and Technology	Iraq						841
University of Kirkuk	Iraq						842
Arab American University	Palestine						843
Savannah College of Art and Design	USA						844
University of Samarra	Iraq						845
Kozma Minin Nizhny Novgorod State Pedagogical University	Russia						846
Southern Technical University	Iraq						847
University of the Thai Chamber of Commerce	Thailand						848
Baghdad College Of Economic Sciences University	Iraq						849
Rostov State University of Economics	Russia						850
Dijlah University College	Iraq						851
University of Warith Alanbiyaa	Iraq						852
Al-Safwa University College	Iraq						853
Madenat Alelem University College	Iraq						854
Al-Toosi University College	Iraq						855
Al-Ayen University	Iraq						856
National University for Science and Technology	Iraq						857
Imam Ja`afar Al-Sadiq University	Iraq						858
Al-Amarah University College	Iraq						859
University of Alkafeel	Iraq						860
Murmansk Arctic State University	Russia						861
University of Al-Hamdaniya	Iraq						862
Al-Zahrawi University College	Iraq						863
University of Sumer	Iraq						864
Al-Manara College of Medical Sciences	Iraq						865
Karaganda University of Kaspotrebsoyuz	Kazakhstan						866
Bilad Alrafidain University College	Iraq						867
Al-Farahidi University	Iraq						868
Al-Kut University College	Iraq						869
Al-Rasheed University College	Iraq						870
Al-Esraa University College	Iraq						871
Imam Al-Kadhum College	Iraq						872
Harvard Medical School	USA					2	
University of Michigan, Ann Arbor	USA					8	
University of Chinese Academy of Sciences	CHN					12	
Sorbonne Universite	FRA					24	
University of California, San Francisco	USA					25	
Universidade de Sao Paulo	BRA					27	
Northwestern University, Evanston	USA					34	
Swiss Federal Institute of Technology	CHE					36	
University of Wisconsin, Madison	USA					37	
Harvard-MIT Division of Health Sciences and Tecnology	USA					38	
University of North Carolina, Chapel Hill	USA					40	
University of Minnesota, Twin Cities	USA					41	
University of Maryland, Baltimore	USA					42	
Ohio State University, Columbus	USA					45	
The University of British Columbia	CAN					46	
The University of Queensland	AUS					50	
Monash University, Melbourne	AUS					51	
Catholic University of Leuven	BEL					52	
Kings College London	GBR					59	
The University of Manchester	GBR					62	
Washington University in Saint Louis	USA					63	
University of Texas, Austin	USA					64	
Xi'an Jiaotong University	CHN					66	
The University of Edinburgh	GBR					67	
Technische Universitat Munchen	DEU					68	
Sun Yat-Sen University	CHN					74	
Southeast University, Nanjing	CHN					83	
Purdue University	USA					89	
Weill Cornell Medical College	USA					90	
Universite Paris-Saclay	FRA					91	
Universita degli Studi di Roma La Sapienza	ITA					96	
BeiHang University	CHN					97	
Rutgers, The State University of New Jersey	USA					99	
Universitat Zurich	CHE					103	
Ludwig-Maximilians Universitat Munchen	DEU					104	
Universite PSL	FRA					106	
Icahn School of Medicine at Mount Sinai	USA					109	
Universitat de Barcelona	ESP					111	
The Rockefeller University	USA					114	
Soochow University, Suzhou	CHN					116	
Universitat Heidelberg	DEU					118	
Universita degli Studi di Milano	ITA					120	
Lunds University	SWE					121	
Universitat Autonoma de Barcelona	ESP					122	
Baylor College of Medicine	USA					125	
The Chinese University of Hong Kong	HKG					126	
Universita degli Studi di Padova	ITA					127	
Universite Grenoble-Alpes	FRA					129	
Aix-Marseille Universite	FRA					131	
University of Colorado, Denver	USA					138	
University of Texas Southwestern Medical Center	USA					143	
Texas A&M University, College Station	USA					144	
The University of Hong Kong	HKG					147	
L'Alma Mater Studiorum - Universita di Bologna	ITA					150	
King Abdullah University of Science and Technology	SAU					152	
The University of Sheffield	GBR					155	
Friedrich-Alexander-Universitat Erlangen-Nurnberg	DEU					157	
University of Colorado, Boulder	USA					159	
Universidad Nacional Autonoma de Mexico	MEX					161	
Wageningen University and Research Centre	NLD					163	
Universita degli Studi di Napoli Federico II	ITA					164	
Universidade de Lisboa	PRT					165	
The University of Adelaide	AUS					167	
Universidad Complutense de Madrid	ESP					169	
University of Colorado, Anschutz Medical Campus	USA					176	
University of Alabama, Birmingham	USA					177	
Universitat Hamburg	DEU					178	
Newcastle University, Newcastle upon Tyne	GBR					181	
The University of Western Australia	AUS					182	
Rheinische Friedrich-Wilhelms-Universitat Bonn	DEU					183	
Chinese Academy of Medical Sciences and Peking Union Medical College	CHN					184	
Universite Montpellier	FRA					185	
Medizinische Universitat Wien	AUT					187	
University of Illinois, Chicago	USA					188	
Universite Claude Bernard Lyon 1	FRA					189	
University of Massachusetts Medical School	USA					190	
Oregon Health & Science University	USA					193	
Rheinisch-Westfalische Technische Hochschule Aachen	DEU					196	
Albert-Ludwigs-Universitat Freiburg im Breisgau	DEU					198	
Universitat Bern	CHE					199	
Universita degli Studi di Firenze	ITA					200	
Universita degli Studi di Torino	ITA					201	
Universidade do Porto	PRT					206	
Karlsruher Institut fur Technologie	DEU					207	
Indiana University-Bloomington	USA					209	
Universidade Estadual Paulista Julio de Mesquita Filho	BRA					214	
Charles University	CZE					218	
Westfalische Wilhelms-Universitat Munster	DEU					222	
Eberhard-Karls-Universitat Tubingen	DEU					224	
Universidad Autonoma de Madrid	ESP					226	
Universite de Geneve	CHE					227	
Universite Paul Sabatier, Toulouse III	FRA					228	
The Hong Kong University of Science and Technology	HKG					229	
University of Pittsburgh Health Sciences	USA					230	
Peking University Health Science Center	CHN					231	
Lomonosov  Moscow State University	RUS					233	
Universite de Strasbourg	FRA					234	
Universitat de Valencia	ESP					235	
Julius-Maximilians-Universitat Wurzburg	DEU					241	
Zhengzhou University	CHN					243	
Universitat Basel	CHE					244	
University of Connecticut, Storrs	USA					245	
University of Western Ontario	CAN					246	
Indiana University-Purdue University Indianapolis	USA					248	
Johann Wolfgang Goethe-Universitat Frankfurt am Main	DEU					249	
Universita degli Studi di Pisa	ITA					250	
University of Cincinnati	USA					251	
Iowa State University	USA					257	
Medizinische Hochschule Hannover	DEU					259	
Albert Einstein College of Medicine	USA					262	
Northeastern University, USA	USA					263	
Universidade Estadual de Campinas	BRA					265	
Johannes Gutenberg-Universitat Mainz	DEU					266	
Technion - Israel Institute of Technology	ISR					272	
University of Massachusetts, Amherst	USA					273	
University of South Florida System	USA					277	
University of Nebraska, Lincoln	USA					279	
Beijing University of Posts and Telecommunications	CHN					280	
Universite de Lausanne	CHE					284	
Universidade Federal do Rio de Janeiro	BRA					286	
Universidad de Granada	ESP					289	
Heinrich Heine Universitat Dusseldorf	DEU					291	
Friedrich-Schiller-Universitat Jena	DEU					293	
University of Kentucky	USA					294	
Nanjing University of Aeronautics and Astronautics	CHN					295	
London School of Hygiene and Tropical Medicine	GBR					297	
Universite de Bordeaux	FRA					298	
Virginia Commonwealth University	USA					299	
Politecnico di Milano	ITA					300	
University of Tennessee, Knoxville	USA					302	
City University of New York	USA					303	
Universite de Rennes 1	FRA					304	
Colorado State University, Fort Collins	USA					305	
University of Athens	GRC					306	
Nanjing University of Science and Technology	CHN					307	
Ulsan National Institute of Science and Technology	KOR					309	
Freie Universitat Berlin	DEU					311	
Universitat Wien	AUT					312	
Catholic University of Louvain	BEL					316	
Universitat Duisburg Essen	DEU					317	
University of Technology, Sydney	AUS					319	
University of Oklahoma	USA					320	
China University of Mining and Technology	CHN					321	
Universitat Politecnica de Valencia	ESP					326	
Universidade Federal do Rio Grande do Sul	BRA					329	
Universidad de Navarra	ESP					330	
Pontificia Universidad Catolica de Chile	CHL					331	
Universitat zu Koln	DEU					332	
Universitat Ulm	DEU					334	
Capital University of Medical Sciences	CHN					337	
Universidad de Sevilla	ESP					343	
University of Texas, Health Science Center at Houston	USA					345	
China University of Geosciences	CHN					347	
Universidad de Chile	CHL					353	
University of Texas Medical Branch	USA					354	
Universitat Politecnica de Catalunya	ESP					355	
Universidad del Pais Vasco	ESP					356	
Universitat Leipzig	DEU					357	
University of Texas, Dallas	USA					359	
National University of Defense Technology	CHN					360	
Washington State University, Pullman	USA					365	
Universita degli Studi di Roma Tor Vergata	ITA					367	
Universidade Federal de Minas Gerais	BRA					368	
Southern Medical University	CHN					370	
Medical University of South Carolina	USA					371	
Technische Universitat Berlin	DEU					372	
Universitat Pompeu Fabra	ESP					373	
University of Durham	GBR					375	
Universidade de Coimbra	PRT					378	
Air Force Medical University	CHN					381	
Huazhong Agricultural University	CHN					385	
Universita degli Studi di Genova	ITA					387	
Georg-August-Universitat Gottingen	DEU					389	
University of Minnesota Health and Medicine	USA					390	
Universita degli Studi di Pavia	ITA					391	
University of Texas Health Science Center at San Antonio	USA					394	
Universite du Quebec en Quebec	CAN					397	
University of Missouri, Columbia	USA					399	
Ruhr-Universitat Bochum	DEU					401	
Universitat des Saarlandes	DEU					403	
Nanjing Agricultural University	CHN					404	
University of Belgrade	SRB					406	
Lanzhou University	CHN					408	
ShanghaiTech University	CHN					410	
Humboldt-Universitat zu Berlin	DEU					411	
Christian-Albrechts-Universitat zu Kiel	DEU					413	
China University of Petroleum	CHN					414	
Second Military Medical University	CHN					415	
Institut Eurecom	FRA					419	
Shenyang Pharmaceutical University	CHN					420	
University of Ulsan	KOR					421	
Northwest A and F University	CHN					424	
Universite de Liege	BEL					425	
Universite Cote d’Azur	FRA					429	
Korea University of Science and Technology	KOR					430	
Thomas Jefferson University	USA					431	
Army Medical University	CHN					432	
China Medical University, Taichung	TWN					433	
Technische Universitat Wien	AUT					434	
University Putra Malaysia	MYS					435	
Universitat Regensburg	DEU					436	
Universidad de Zaragoza	ESP					437	
Southwest University	CHN					438	
Technische Universitat Graz	AUT					439	
Medizinische Universitat Innsbruck	AUT					440	
Universidade do Minho	PRT					443	
Drexel University	USA					444	
Guangdong University of Technology	CHN					445	
Universita degli Studi di Milano-Bicocca	ITA					447	
Ecole Nationale Superieure de Chimie de Montpellier	FRA					448	
Universite de Lille	FRA					450	
Universite de Nantes	FRA					451	
Universita degli Studi di Perugia	ITA					455	
Hohai University	CHN					458	
AgroParisTech, Institut des Sciences et Industries du Vivant et de l'Environnement	FRA					459	
Ben-Gurion University of the Negev	ISR					462	
Nanchang University	CHN					463	
Universite de Lorraine	FRA					464	
North China Electric Power University	CHN					467	
Universitat Stuttgart	DEU					469	
Nanjing University of Posts and Telecommunications	CHN					470	
Institut Polytechnique de Grenoble	FRA					472	
Augusta University	USA					473	
The University of Newcastle	AUS					476	
University of Hawaii, Manoa	USA					478	
University of the Witwatersrand, Johannesburg	ZAF					479	
Technische Universitat Darmstadt	DEU					480	
Fuzhou University	CHN					481	
Pusan National University	KOR					482	
Beijing Jiaotong University	CHN					483	
Universita degli Studi di Catania	ITA					484	
Northeastern University, China	CHN					486	
Ecole Normale Superieure de Paris	FRA					487	
Singapore University of Technology and Design	SGP					488	
Universita Vita-Salute San Raffaele	ITA					490	
Universita degli Studi di Bari	ITA					491	
Okinawa Institute of Science and Technology Graduate University	JPN					492	
Universita degli Studi di Trento	ITA					493	
Tianjin Medical University	CHN					494	
Universidad Nacional de Colombia	COL					496	
Harbin Medical University	CHN					497	
The University of Reading	GBR					498	
Medizinische Universitat Graz	AUT					500	