Rank	University	Score	Country
1	Harvard University	100	USA
2	California Institute of Technology (Caltech)	99.636	USA
3	Stanford University	97.05	USA
4	Imperial College London	96.742	UK
5	Karolinska Institute	96.609	Sweden
6	Massachusetts Institute of Technology (MIT)	96.37	USA
7	University of Oxford	96.167	UK
8	ETH Zurich (Swiss Federal Institute of Technology)	94.629	Switzerland
9	University of Cambridge	94.383	UK
10	Columbia University	94.132	USA
11	University College London	93.911	UK
12	Yale University	93.797	USA
13	University of Pennsylvania	93.741	USA
14	Johns Hopkins University	93.617	USA
15	Northwestern University	93.558	USA
16	Princeton University	93.517	USA
17	Ecole Polytechnique Federale de Lausanne	92.159	Switzerland
18	Case Western Reserve University	91.555	USA
19	Cornell University	91.528	USA
20	Washington University in St. Louis	90.996	USA
21	Peking University	90.954	China
22	Korea Advanced Institute of Science and Technology (KAIST)	90.813	Republic of Korea
23	Scuola Normale Superiore di Pisa	89.546	Italy
24	Carnegie Mellon University	89.279	USA
25	University of Michigan	88.822	USA
26	University of Edinburgh	88.284	UK
27	Tsinghua University	87.746	China
28	King`s College London	87.742	UK
29	Brown University	87.703	USA
30	Emory University	87.635	USA
31	Boston University	87.59	USA
32	Technical University of Denmark	87.419	Denmark
33	University of California, Los Angeles	87.212	USA
34	Nanyang Technological University	87.004	Singapore
35	Pohang University of Science and Technology (POSTECH)	86.997	Republic of Korea
36	New York University	86.727	USA
37	McGill University	86.651	Canada
39	Rice University	86.466	USA
39	Tufts University	86.466	USA
40	Royal Institute of Technology (KTH)	86.196	Sweden
41	University of Tokyo	86.051	Japan
42	University of Bern	85.992	Switzerland
43	Sorbonne University	85.896	France
44	University of Wisconsin - Madison	85.887	USA
45	University of Geneva	85.726	Switzerland
46	University of Hong Kong	85.692	Hong Kong
47	University of Pittsburgh	85.55	USA
48	University of Science and Technology of China	85.514	China
49	Chalmers University of Technology	85.261	Sweden
50	Kyoto University	85.222	Japan
51	Australian National University	85.066	Australia
52	University of Washington	84.923	USA
53	University of Zurich	84.764	Switzerland
54	University of Lausanne	84.706	Switzerland
55	Ludwig Maximilian University of Munich	84.692	Germany
56	University of Manchester	84.621	UK
57	Vanderbilt University	84.555	USA
58	University of California, Berkeley	84.515	USA
59	Fudan University	84.455	China
60	Chinese University Hong Kong	84.299	Hong Kong
61	Indian Institute of Science	84.104	India
62	University of California, San Diego	84.089	USA
63	University of Toronto	84.08	Canada
64	Wageningen University & Research Center	83.936	Netherlands
65	University of Southern California	83.816	USA
66	Ruprecht Karl University of Heidelberg	83.724	Germany
67	Technische Universitat Dresden (TU Dresden)	83.467	Germany
68	University of North Carolina	83.412	USA
69	Zhejiang University	83.386	China
70	Shanghai Jiao Tong University	83.203	China
71	University of Sydney	82.855	Australia
72	Georgia Institute of Technology	82.816	USA
73	University of Minnesota	82.691	USA
74	National University of Singapore	82.43	Singapore
75	Utrecht University	82.41	Netherlands
76	Tohoku University	82.305	Japan
77	Lund University	82.226	Sweden
78	University of Twente	81.954	Netherlands
79	University of Rochester	81.935	USA
80	Tokyo Institute of Technology	81.894	Japan
81	University of Warwick	81.832	UK
82	University of British Columbia	81.719	Canada
83	Technical University of Munich	81.655	Germany
84	Georgetown University	81.53	USA
85	London School of Economics and Political Science	81.508	UK
86	University of California, Davis	81.382	USA
87	City University of Hong Kong	81.377	Hong Kong
88	RWTH Aachen University	81.264	Germany
89	University of Sheffield	81.23	UK
90	University of Bristol	81.109	UK
91	Lomonosov Moscow State University	81.083	Russia
92	Dartmouth College	80.884	USA
93	Ohio State University	80.742	USA
94	University of Birmingham	80.72	UK
95	University of Notre Dame	80.698	USA
96	USI - Universita della Svizzera italiana	80.681	Switzerland
97	University of St. Andrews	80.633	UK
98	George Washington University	80.421	USA
99	Hebrew University of Jerusalem	80.287	Israel
100	Universite de Montreal	80.094	Canada
101	National Research Nuclear University MEPhI (Moscow Engineering Physics Institute)	80.059	Russia
102	Rutgers the State University of New Jersey	79.967	USA
103	Tomsk State University	79.937	Russia
104	Medical University of Vienna	79.684	Austria
105	National Taiwan University	79.541	Taiwan
106	Moscow Institute of Physics and Technology	79.448	Russia
107	University of Florida	79.37	USA
108	University of Sao Paulo	79.328	Brazil
109	University of Gottingen	79.31	Germany
110	Nagoya University	79.061	Japan
111	University of Maryland, College Park	79.057	USA
112	University of Queensland Australia	78.774	Australia
113	University of Malaya	78.765	Malaysia
114	Lancaster University	78.672	UK
115	Hong Kong University of Science and Technology	78.613	Hong Kong
116	Free University of Berlin	78.534	Germany
117	Aalto University	78.507	Finland
118	Radboud University Nijmegen	78.497	Netherlands
119	University of Bergen	78.379	Norway
120	Queen Mary, University of London	78.365	UK
121	University of Glasgow	78.332	UK
122	Hokkaido University	78.233	Japan
123	University of Calgary	78.142	Canada
124	Michigan State University	78.079	USA
125	Erasmus University Rotterdam	78.044	Netherlands
126	Karlsruhe Institute of Technology	77.97	Germany
127	University of New South Wales	77.907	Australia
128	Aarhus University	77.847	Denmark
129	University of Iowa	77.77	USA
130	Osaka University	77.753	Japan
131	Tokyo Medical and Dental University	77.739	Japan
132	Pennsylvania State University	77.715	USA
133	Nanjing University	77.643	China
134	Tulane University	77.47	USA
135	Monash University	77.311	Australia
136	University of Adelaide	77.184	Australia
137	Durham University	77.11	UK
138	University of Utah	76.963	USA
139	University of Groningen	76.919	Netherlands
140	Technion Israel Institute of Technology	76.914	Israel
141	McMaster University	76.861	Canada
142	University of Miami	76.825	USA
143	Humboldt University of Berlin	76.761	Germany
144	University of Tsukuba	76.673	Japan
145	Katholieke Universiteit Leuven (KU Leuven)	76.105	Belgium
146	University of Hamburg	76.092	Germany
147	Rockefeller University	76.071	USA
148	University of Western Australia	75.98	Australia
149	University of Cologne	75.948	Germany
150	University of Kansas	75.806	USA
151	Universite de Paris	75.753	France
152	University of Liverpool	75.679	UK
153	North Carolina State University	75.513	USA
154	University of Reading	75.491	UK
155	State University of Campinas (Unicamp)	75.49	Brazil
156	Tel Aviv University	75.365	Israel
157	A.C.Camargo Cancer Center	75.319	Brazil
158	University of Sussex	75.295	UK
159	Vrije Universiteit Brussels (VUB)	75.249	Belgium
160	University of Erlangen Nuremberg	75.165	Germany
161	Tehran University of Medical Sciences	75.074	Iran
162	Cardiff University	74.925	UK
163	Hanyang University	74.896	Republic of Korea
164	Sungkyunkwan University	74.824	Republic of Korea
165	Technical University of Berlin	74.782	Germany
166	University of Colorado	74.773	USA
167	Harbin Institute of Technology	74.768	China
168	University of Arizona	74.516	USA
169	University of Nova Gorica	74.461	Slovenia
170	Colorado School of Mines	74.416	USA
171	Northeastern University	74.383	USA
172	University of Hawaii	74.273	USA
173	Weizmann Institute of Science	74.256	Israel
174	Indiana University	74.229	USA
175	Ghent University	74.128	Belgium
176	Beijing Normal University	74.01	China
177	Trinity College Dublin	73.975	Ireland
178	University of Padua	73.882	Italy
179	IMT Atlantique	73.783	France
180	University of York	73.713	UK
181	University of Wurzburg	73.471	Germany
182	Central European University	73.466	Hungary
183	State University of New York, Stony Brook	73.44	USA
184	University of California, Santa Barbara	73.433	USA
185	Tongji University	73.341	China
186	University of Gothenburg	73.316	Sweden
187	Newcastle University	73.285	UK
188	Dalhousie University	73.019	Canada
189	State University of New York, Buffalo	73.011	USA
190	Gwangju Institute of Science and Technology	72.979	Republic of Korea
191	University Catholique de Louvain	72.904	Belgium
192	University of Ottawa	72.732	Canada
193	University of Aberdeen	72.714	UK
194	Western University	72.648	Canada
195	University of Exeter	72.589	UK
196	University of Freiburg	72.513	Germany
197	Autonomous University of Barcelona	72.499	Spain
198	University of Munster	72.349	Germany
199	Texas A&M University	72.26	USA
200	University of Montpellier	72.158	France
201	University of Ulm	72.093	Germany
202	Royal Holloway, University of London	72.007	UK
203	Temple University	71.997	USA
204	Sapienza University of Rome	71.613	Italy
205	Swedish University of Agricultural Sciences	71.603	Sweden
206	University of Connecticut	71.589	USA
207	University of California, Irvine	71.575	USA
208	Aix Marseille University	71.494	France
209	University of Cape Town	71.17	South Africa
210	William & Mary	71.012	USA
211	Technical University of Darmstadt	70.866	Germany
212	University College Dublin	70.709	Ireland
213	University of Auckland	70.675	New Zealand
214	University of Alaska	70.559	USA
215	St George`s University of London	70.544	UK
216	Isfahan University of Technology	70.503	Iran
217	Kobe University	70.49	Japan
218	Laval University	70.456	Canada
219	Tilburg University	70.368	Netherlands
220	China Agricultural University	70.233	China
221	Wuhan University	70.121	China
222	Huazhong University of Science and Technology	69.98	China
223	School of Oriental and African Studies	69.941	UK
224	University of Tennessee Knoxville	69.916	USA
225	Xi`an Jiaotong University	69.791	China
226	University of Tehran	69.763	Iran
227	Indian Institute of Technology, Delhi	69.733	India
228	Boston College	69.456	USA
229	Beihang University	69.409	China
230	Indian Institute of Technology, Madras	69.397	India
231	Kyung Hee University	69.392	Republic of Korea
232	Universite Libre de Bruxelles	69.385	Belgium
233	Fujita Health University	69.364	Japan
234	University of Otago	69.339	New Zealand
235	University of Georgia	69.272	USA
236	National Tsing Hua University	69.256	Taiwan
237	Aalborg University	69.235	Denmark
238	Queen`s University Belfast	69.142	UK
239	University of Barcelona	69.057	Spain
240	Universiti Sains Malaysia	69.049	Malaysia
241	University of Wollongong	68.983	Australia
242	University of Antwerp	68.921	Belgium
243	Lappeenranta University of Technology	68.898	Finland
244	Syracuse University	68.824	USA
245	Universite Grenoble Alpes (UGA)	68.812	France
246	Virginia Polytechnic Institute and State University	68.68	USA
247	King Abdulaziz University	68.63	Saudi Arabia
248	Hong Kong Polytechnic University	68.564	Hong Kong
249	Queensland University of Technology	68.563	Australia
250	Charles University in Prague	68.55	Czech Republic
251	University of New Mexico	68.505	USA
252	University of East Anglia	68.462	UK
253	Curtin University	68.372	Australia
254	Indian Institute of Science Education and Research, Pune	68.206	India
255	Heriot-Watt University	68.177	UK
256	University of Bath	68.135	UK
257	Universiti Kebangsaan Malaysia	68.061	Malaysia
258	University of Bordeaux	67.976	France
259	University of Surrey	67.964	UK
260	University of California, Riverside	67.953	USA
261	University of Trieste	67.732	Italy
262	Pompeu Fabra University	67.667	Spain
263	Rensselaer Polytechnic Institute	67.664	USA
264	University of Strathclyde	67.568	UK
265	University of Witwatersrand	67.562	South Africa
266	Universiti Putra Malaysia	67.553	Malaysia
267	University of Saskatchewan	67.367	Canada
268	Macquarie University	67.351	Australia
269	University of Konstanz	67.33	Germany
270	Nankai University	67.326	China
271	Queens University	67.247	Canada
272	University of Dundee	67.013	UK
273	Autonomous University of Madrid	67.011	Spain
274	James Cook University	66.764	Australia
275	Hiroshima University	66.644	Japan
276	Norwegian University of Science and Technology	66.528	Norway
277	Brunel University	66.514	UK
278	American University of Beirut	66.492	Lebanon
279	Birkbeck, University of London	66.455	UK
280	University of Tartu	66.385	Estonia
281	American University	66.317	USA
282	Loughborough University	66.224	UK
283	University of Waterloo	66.171	Canada
284	Colorado State University	66.099	USA
285	University of Canterbury	66.075	New Zealand
286	University of Guelph	65.971	Canada
287	Universiti Teknologi Malaysia	65.957	Malaysia
288	Creighton University	65.83	USA
289	University of Porto	65.771	Portugal
290	National Chiao Tung University	65.716	Taiwan
291	Arizona State University	65.707	USA
292	Beijing Institute of Technology	65.653	China
293	University of Navarra	65.641	Spain
294	University of Texas at Dallas	65.619	USA
295	University of Nebraska	65.518	USA
296	Southeast University	65.367	China
297	University of Coimbra	65.255	Portugal
298	University of Nebraska Medical Center	65.227	USA
299	Stellenbosch University	64.912	South Africa
300	University of South Florida	64.882	USA
301	Sun Yat-sen University	64.815	China
302	University of Manitoba	64.773	Canada
303	University of Delaware	64.73	USA
304	Washington State University	64.562	USA
305	Saint Petersburg State University	64.515	Russia
306	University of Tasmania	64.484	Australia
307	University of Turku	64.389	Finland
308	Johann Wolfgang Goethe University Frankfurt am Main	64.382	Germany
309	National University of Science and Technology MISiS	64.371	Russia
310	Griffith University	64.332	Australia
311	East China Normal University	64.279	China
312	University of Innsbruck	64.263	Austria
313	Bar-Ilan University	64.192	Israel
314	University of Pisa	64.15	Italy
315	Brandeis University	64.083	USA
316	Okayama University	64.029	Japan
317	University of Oulu	63.948	Finland
318	University of South Carolina	63.916	USA
319	Aveiro University	63.843	Portugal
320	Lehigh University	63.703	USA
321	Simon Fraser University	63.507	Canada
322	University of Jyvaskyla	63.44	Finland
323	University of California, Santa Cruz	63.284	USA
324	ITMO University	63.18	Russia
325	Chulalongkorn University	63.153	Thailand
326	RMIT University	62.788	Australia
327	Flinders University	62.747	Australia
328	Central South University	62.66	China
330	Bielefeld University	62.6	Germany
330	University of Macau	62.6	Macau
331	Umea University	62.508	Sweden
332	Nanjing Medical University	62.442	China
333	University of Genoa	62.423	Italy
334	Indian Institute of Technology, Kanpur	62.211	India
335	University of Lisbon	62.102	Portugal
336	King Fahd University of Petroleum and Minerals	61.965	Saudi Arabia
337	Chung-Ang University	61.931	Republic of Korea
338	Florida Institute of Technology	61.877	USA
339	Semmelweis University	61.87	Hungary
340	Renmin University of China	61.842	China
341	National Cheng Kung University	61.755	Taiwan
342	Louisiana State University	61.676	USA
343	University of Eastern Finland	61.633	Finland
344	University of Vermont	61.432	USA
345	Pontificia University Catolica de Chile	61.303	Chile
346	Sichuan University	61.247	China
347	Auburn University	61.229	USA
348	Texas Tech University	61.166	USA
349	La Trobe University	61.138	Australia
350	University of Hyderabad	61.092	India
351	National Taiwan University of Science and Technology	61.025	Taiwan
352	Oklahoma State University	61.012	USA
353	Bilkent University	60.879	Turkey
354	Koc University	60.816	Turkey
355	University of Essex	60.775	UK
356	University of Iceland	60.728	Iceland
357	Hofstra University	60.686	USA
358	Jagiellonian University	60.644	Poland
359	Northwestern Polytechnical University	60.624	China
360	Ewha Womans University	60.249	Republic of Korea
361	Massey University	59.991	New Zealand
362	South China University of Technology	59.981	China
363	University of Warsaw	59.792	Poland
364	Keio University	59.663	Japan
365	George Mason University	59.605	USA
366	Dalian University of Technology	59.579	China
367	West Virginia University	59.513	USA
368	University of Tromso	59.444	Norway
369	Universite Cote d`Azur (ComUE)	59.318	France
370	Polytechnic University of Milan	59.275	Italy
371	University of Nova de Lisboa	59.25	Portugal
372	Kazan Federal University	59.233	Russia
373	University of Bremen	59.195	Germany
374	University of KwaZulu Natal	59.192	South Africa
375	Tomsk Polytechnic University	59.17	Russia
376	University of South Australia	59.168	Australia
377	University of Debrecen	59.065	Hungary
378	Polytechnic University of Catalonia	59.062	Spain
379	Kanazawa University	58.983	Japan
380	Aberystwyth University	58.438	UK
381	University of St. Gallen	58.378	Switzerland
382	National Taiwan Normal University	58.367	Taiwan
383	University of Houston	58.357	USA
384	Peter the Great St. Petersburg Polytechnic University	58.326	Russia
385	Hong Kong Baptist University	58.259	Hong Kong
386	King Saud University	58.146	Saudi Arabia
387	Bogazici University	58.013	Turkey
388	Hacettepe University	57.988	Turkey
389	University of Sherbrooke	57.962	Canada
390	Iran University of Science & Technology	57.885	Iran
391	Konkuk University	57.874	Republic of Korea
392	University of Oregon	57.838	USA
393	Swansea University	57.681	UK
394	Chiba University	57.665	Japan
395	Xiamen University	57.657	China
396	Sabanci University	57.636	Turkey
397	Victoria University of Wellington	57.512	New Zealand
398	University of Pretoria	57.442	South Africa
399	University of Idaho	57.378	USA
400	Deakin University	57.321	Australia
401	RUDN University	57.312	Russia
402	University of Hannover	57.299	Germany
403	Keele University	57.289	UK
404	Comenius University in Bratislava	57.254	Slovakia
405	Polytechnic University of Valencia	57.229	Spain
406	Chang Gung University	57.224	Taiwan
407	National Central University	57.17	Taiwan
408	Osaka City University	57.084	Japan
409	Jilin University	57.077	China
410	University of Stirling	57.055	UK
411	National Sun Yat-Sen University	57.032	Taiwan
412	State University of New York, Albany	56.936	USA
413	Bauman Moscow State Technical University	56.675	Russia
414	Mahidol University	56.64	Thailand
415	Polytechnic University of Turin	56.552	Italy
416	University of Szeged	56.548	Hungary
417	Juntendo University	56.49	Japan
418	Aston University	56.322	UK
419	University of Western Sydney	56.293	Australia
420	Swinburne University of Technology	55.953	Australia
421	University of Plymouth	55.852	UK
422	The New School	55.844	USA
423	Beijing University of Technology	55.833	China
424	East China University of Science and Technology	55.661	China
425	Middle East Technical University	55.655	Turkey
426	Shanghai University	55.435	China
427	Yokohama City University	55.365	Japan
428	Kumamoto University	55.358	Japan
429	China Medical University (Taiwan)	55.325	China
430	Kent State University	55.321	USA
431	Vilnius University	55.221	Lithuania
432	University of Victoria	55.19	Canada
433	University College Cork	55.188	Ireland
434	IMT Mines Albi-Carmaux	55.151	France
435	University of Rovira i Virgili	54.951	Spain
436	National Autonomous University of Mexico	54.925	Mexico
437	Hunan University	54.825	China
438	Jamia Millia Islamia	54.769	India
439	Soochow University (China)	54.752	China
440	K. N. Toosi University of Technology	54.633	Iran
441	University of Minho	54.536	Portugal
442	University of Ferrara	54.478	Italy
443	Sechenov University	54.421	Russia
444	Shahid Beheshti University	54.388	Iran
445	Northeastern University (China)	54.347	China
446	Auckland University of Technology	54.346	New Zealand
447	Nanjing University of Technology	54.294	China
448	University of Hull	54.212	UK
449	Masaryk University	54.125	Czech Republic
450	Oxford Brookes University	54.121	UK
451	Universita Cattolica del Sacro Cuore	54.104	Italy
452	Palacky University of Olomouc	53.962	Czech Republic
453	University of Turin	53.821	Italy
454	National Chung Hsing University	53.741	Taiwan
455	Lobachevsky University	53.689	Russia
456	Istanbul Technical University	53.608	Turkey
457	Worcester Polytechnic Institute	53.599	USA
458	Kyungpook National University	53.597	Republic of Korea
459	University of Ljubljana	53.556	Slovenia
460	University of Valencia	53.469	Spain
461	New Mexico State University	53.45	USA
462	University of Waikato	53.394	New Zealand
463	New Jersey Institute of Technology (NJIT)	53.246	USA
464	Eotvos Lorand University	53.184	Hungary
465	University of Arkansas	53.148	USA
466	Osaka Prefecture University	53.062	Japan
467	Beijing University of Chemical Technology	53.038	China
468	Kaohsiung Medical University	53.029	Taiwan
469	University of New Brunswick	52.851	Canada
470	Yokohama National University	52.848	Japan
471	Manipal Academy of Higher Education	52.749	India
472	University of Crete	52.691	Greece
473	University de Lorraine	52.299	France
474	Nanjing University of Science & Technology	52.287	China
475	North Dakota State University	52.228	USA
476	University of Electronic Science and Technology of China	52.185	China
477	University of Qatar	52.146	Qatar
478	York University	52.062	Canada
479	University of Rome III	52.007	Italy
480	Moscow Aviation Institute	51.98	Russia
481	Complutense University of Madrid	51.952	Spain
482	Florida International University	51.906	USA
483	Polytechnic University of Madrid	51.879	Spain
484	Liverpool John Moores University	51.795	UK
485	Waseda University	51.778	Japan
486	Gifu University	51.706	Japan
487	Old Dominion University	51.665	USA
488	Kyushu Institute of Technology	51.494	Japan
489	University of Sofia	51.333	Bulgaria
490	Macau University of Science and Technology	51.21	Macau
491	National Taras Shevchenko University of Kyiv	51.08	Ukraine
492	Indian Institute of Technology (Indian School of Mines)	51.038	India
493	Ca`Foscari University of Venice	50.869	Italy
494	Charles III University of Madrid	50.673	Spain
495	University of Puerto Rico	50.657	Puerto Rico
496	University of Santiago de Compostela	50.656	Spain
497	Australian Catholic University	50.468	Australia
498	Stevens Institute of Technology	50.224	USA
499	University of Alabama Birmingham	50.05	USA
500	Babol Noshirvani University of Technology	49.987	Iran
501	University of Tabriz	49.942	Iran
502	Chongqing University	49.835	China
503	Ankara University	49.815	Turkey
504	Dublin City University	49.796	Ireland
505	Northumbria University	49.749	UK
506	University of Texas at Arlington	49.746	USA
507	Jinan University	49.732	China
508	Chonnam National University	49.557	Republic of Korea
509	Universite de Tunis El Manar	49.539	Tunisia
510	Shanghai University of Traditional Chinese Medicine	49.381	China
511	University of Lucerne	49.298	Switzerland
512	Chonbuk National University	49.293	Republic of Korea
513	University of Greenwich	49.217	UK
514	Sogang University	49.187	Republic of Korea
515	Monterrey Institute of Technology and Higher Education	49.101	Mexico
516	University of Bradford	49.074	UK
517	Jiangnan University	48.944	China
518	American University in Cairo	48.926	Egypt
519	University of Texas at San Antonio	48.922	USA
520	Jeonbuk National University	48.613	Republic of Korea
521	Universidade Federal do Ceara	48.245	Brazil
522	Edith Cowan University	48.069	Australia
523	University of Portsmouth	48.056	UK
524	Universite du Quebec a Montreal	48.01	Canada
525	IQS Universitat Ramon Llull	48.006	Spain
526	University of Zaragoza	47.999	Spain
527	Istanbul University	47.81	Turkey
528	Siberian Federal University	47.603	Russia
529	University of the Basque Country	47.572	Spain
531	Brno University of Technology	47.379	Czech Republic
531	Nanjing University of Aeronautics & Astronautics	47.379	China
532	Murdoch University	47.324	Australia
533	Texas Christian University	47.209	USA
534	Yamagata University	47.07	Japan
535	University of Southern Queensland	47.032	Australia
536	Toyohashi University of Technology	46.785	Japan
537	Mississippi State University	46.784	USA
538	University of Salamanca	46.753	Spain
539	University of Zagreb	46.677	Croatia
540	Warsaw University of Technology	46.659	Poland
541	Lebanese American University	46.591	Lebanon
542	Northeast Normal University (China)	46.537	China
543	University of Central Florida	46.257	USA
544	Aristotle University of Thessaloniki	46.145	Greece
545	Tottori University	46.02	Japan
546	Wuhan University of Technology	45.963	China
547	National Taipei University of Technology	45.917	Taiwan
548	China Pharmaceutical University	45.802	China
549	University of Johannesburg	45.712	South Africa
550	Riga Technical University	45.639	Latvia
551	Belarusian State University	45.576	Belarus
552	Chiang Mai University	45.549	Thailand
553	Amrita Vishwa Vidyapeetham University	45.534	India
554	Beijing Forestry University	45.307	China
555	University of Peradeniya	45.274	Sri Lanka
556	Middlesex University	45.158	UK
557	University of Ulster	45.15	UK
558	Mendeleev University of Chemical Technology	45.051	Russia
559	Hitotsubashi University	45.029	Japan
560	University of Seville	44.958	Spain
561	Saint-Petersburg State Electotechnical University ``LETI``	44.899	Russia
562	Coventry University	44.767	UK
563	San Diego State University	44.717	USA
564	Fluminense Federal University	44.368	Brazil
565	Xidian University	44.332	China
566	Financial University under the Government of the Russian Federation	44.329	Russia
567	National Research University of Electronic Technology (MIET)	44.144	Russia
568	University of Electro-Communications	44.086	Japan
569	Pirogov Russian National Research Medical University	44.031	Russia
570	State University of New York, Binghamton	44.019	USA
571	University of Baghdad	44.007	Iraq
572	University of Vigo	43.885	Spain
573	University of Bari	43.876	Italy
574	ISCTE â€“ University Institute of Lisbon	43.846	Portugal
575	Samara University	43.814	Russia
576	Gyeongsang National University	43.798	Republic of Korea
577	Al-Farabi Kazakh National University	43.748	Kazakhstan
578	Kashan University	43.58	Iran
579	Maynooth University	43.4	Ireland
580	University of Hertfordshire	43.396	UK
581	Tokai University	43.347	Japan
582	East Carolina University	43.341	USA
583	University of Brescia	43.339	Italy
584	University of Central Lancashire	43.208	UK
585	University of Memphis	43.203	USA
586	Concordia University	43.071	Canada
587	University of Alcala	42.968	Spain
588	Oakland University	42.948	USA
589	Glasgow Caledonian University	42.844	UK
590	Southern Cross University	42.692	Australia
591	Thammasat University	42.622	Thailand
592	Sumy State University	42.574	Ukraine
593	Northern Arizona University	42.488	USA
594	Chung Shan Medical University	42.188	Taiwan
595	Babes-Bolyai University	42.171	Romania
596	Inha University	42.035	Republic of Korea
597	Florida Atlantic University	41.998	USA
598	TOBB University of Economics and Technology	41.787	Turkey
599	University of the West of England	41.685	UK
600	Manchester Metropolitan University	41.436	UK
601	Ryazan State Medical University	41.383	Russia
602	Gebze Technical University	41.207	Turkey
603	Universite de Carthage	41.099	Tunisia
604	Miami University	41.069	USA
605	Ege University	41.058	Turkey
606	Cochin University of Science and Technology	40.932	India
607	De Montfort University	40.93	UK
608	King Mongkut`s University of Technology Thonburi	40.806	Thailand
609	University of Maribor	40.725	Slovenia
610	Yeungnam University	40.621	Republic of Korea
611	Altai State University	40.607	Russia
612	Orel State University	40.539	Russia
613	Austral University (Argentina)	40.504	Argentina
614	Federation University Australia	40.346	Australia
615	Northeast Federal University	40.31	Russia
616	National Technical University Kharkiv Polytechnic Institute	40.225	Ukraine
617	Bashkirian State Medical University	40.166	Russia
618	University of Quebec at Chicoutimi	39.936	Canada
619	Gazi University	39.925	Turkey
620	Hallym University	39.921	Republic of Korea
621	Portland State University	39.879	USA
622	Far Eastern Federal University	39.855	Russia
623	Pontificia Universidade Catolica do Rio Grande do Sul	39.672	Brazil
624	Siberian State Medical University	39.65	Russia
625	Jiangsu University	39.644	China
626	West University of Timisoara	39.566	Romania
627	Lodz University of Technology	39.375	Poland
628	Cairo University	39.197	Egypt
629	University of Bucharest	39.185	Romania
630	University Politechica of Bucharest	39.111	Romania
631	Metropolitan Autonomous University	39.066	Mexico
632	Sheffield Hallam University	39.027	UK
633	Voronezh State University	38.879	Russia
634	Gdansk University of Technology	38.708	Poland
635	Shenzhen University	38.556	China
636	American University of Sharjah	38.523	United Arab Emirates
637	Ivane Javakhishvili Tbilisi State University	38.517	Republic of Georgia
638	University of South Africa	38.434	South Africa
639	Zhejiang University of Technology	38.416	China
640	RANEPA, The Russian Presidential Academy of National Economy and Public Administration	38.37	Russia
641	Kasetsart University	38.363	Thailand
642	Fu Jen Catholic University	38.312	Taiwan
643	Allameh Tabataba`i University	38.192	Iran
644	University of Monastir	38.051	Tunisia
645	London Metropolitan University	38.046	UK
646	Eskisehir Osmangazi University	38.013	Turkey
647	Prince of Songkla University	37.987	Thailand
648	Immanuel Kant Baltic Federal University	37.973	Russia
649	Novosibirsk State Technical University	37.769	Russia
650	Baku State University	37.75	Azerbaijan
651	New Economic School (NES)	37.74	Russia
652	L.N. Gumilyov Eurasian National University	37.69	Kazakhstan
653	University of Lodz	37.65	Poland
654	Tomsk State Pedagogical University	37.446	Russia
655	National Chung Cheng University	37.419	Taiwan
656	Kursk State Medical University	37.415	Russia
657	Grigore T. Popa University of Medicine and Pharmacy	37.226	Romania
658	Plekhanov Russian University of Economics	37.161	Russia
659	Pontificial Catholic University of Valparaiso	37.154	Chile
660	Kyiv National Economic University	36.979	Ukraine
661	Khon Kaen University	36.925	Thailand
662	Yildiz Technical University	36.918	Turkey
662	Technical University of Moldova	36.917	Moldova
663	Suranaree University of Technology	36.687	Thailand
664	University of West Bohemia	36.467	Czech Republic
665	University of Basrah	36.396	Iraq
666	University of Patras	36.367	Greece
667	The Herzen State Pedagogical University of Russia	36.027	Russia
668	Yanshan University	35.971	China
669	Vellore Institute of Technology	35.942	India
670	Makerere University	35.575	Uganda
671	Moscow Pedagogical State University	35.531	Russia
672	King Mongkut`s Institute of Technology Ladkrabang	35.509	Thailand
673	Alexandria University	35.37	Egypt
674	University of Agricultural Sciences and Veterinary Medicine of Cluj-Napoca	35.321	Romania
675	Kindai University	35.198	Japan
676	Atilim University	35.195	Turkey
677	Southwest Jiaotong University	35.179	China
678	Kazan National Research Technical University named after A.N. Tupolev	35.157	Russia
679	Yangzhou University	34.992	China
680	Mustansiriyah University	34.943	Iraq
681	Erciyes University	34.92	Turkey
682	Tomsk State University of Control Systems and Radioelectronics (TUSUR University)	34.914	Russia
683	Innopolis University	34.79	Russia
684	National Taipei University	34.585	Taiwan
685	University of Science and Technology (UST)	34.521	Republic of Korea
686	Gubkin Russian State University of Oil and Gas	34.429	Russia
687	Irkutsk State University	34.276	Russia
688	Belgorod National Research University	34.19	Russia
689	Qingdao University	34.179	China
690	University of Rijeka	34.173	Croatia
691	Kuwait University	34.137	Kuwait
692	South China Normal University	33.984	China
693	Moscow State University of Civil Engineering	33.979	Russia
694	Universidad Pontificia Bolivariana de Medellin-Colombia	33.938	Colombia
695	Moscow Technological University	33.801	Russia
696	Suleyman Demirel University - Kazakhstan	33.771	Kazakhstan
697	Ufa State Aviation Technical University	33.668	Russia
698	Wuhan University of Science & Technology	33.639	China
699	Asia University (Taiwan)	33.57	Taiwan
700	Shibaura Institute of Technology	33.499	Japan
701	University of Kurdistan	33.466	Iran
702	Russian New University	33.102	Russia
703	University of Malaysia Perlis	32.903	Malaysia
704	Amity University	32.785	India
705	Liaoning University	32.618	China
706	Universite de la Manouba	32.58	Tunisia
707	Kharkiv National University of Radio Electronics	32.549	Ukraine
708	National Taiwan Ocean University	32.477	Taiwan
709	Jiangsu Normal University	32.476	China
710	Chang`an University	32.376	China
711	Bashkir State University	31.936	Russia
712	Perm State University	31.91	Russia
713	Tver State Technical University	31.894	Russia
714	Yuan Ze University	31.852	Taiwan
715	Chung Yuan Christian University	31.851	Taiwan
716	National Yunlin University of Science and Technology	31.825	Taiwan
717	Odessa National Academy of Food Technologies	31.728	Ukraine
718	National University of Ostroh Academy	31.586	Ukraine
719	Autonomous University of Mexico State	31.548	Mexico
720	Institute of Space Technology	31.528	Pakistan
721	Marmara University	31.483	Turkey
722	University of Kufa	31.366	Iraq
723	Hawler Medical University	31.252	Iraq
724	Xiangtan University	31.121	China
725	Dublin Institute of Technology	31.063	Ireland
726	Dunarea de Jos University of Galati	31.058	Romania
727	Kazan National Research Technological University	30.975	Russia
728	Salahaddin University	30.901	Iraq
729	National Changhua University of Education	30.831	Taiwan
730	European University at St. Petersburg	30.699	Russia
731	South Ukrainian National Pedagogical University named after K.D. Ushynsky	30.612	Ukraine
732	National Dong Hwa University	30.256	Taiwan
733	Feng Chia University	30.155	Taiwan
734	Athens University of Economics and Business	30.051	Greece
735	Alzahra University	29.992	Iran
736	Tyumen State University	29.947	Russia
737	Perm National Research Polytechnic University	29.937	Russia
738	University of Sarajevo	29.854	Bosnia And Herzegovina
739	Saint Petersburg State University of Architecture and Civil Engineering	29.828	Russia
740	University of Anbar	29.73	Iraq
741	Tamkang University	29.665	Taiwan
742	National University of Uzbekistan	29.551	Bosnia And Herzegovina
743	Leeds Beckett University	29.52	UK
744	Omsk State Technical University	29.427	Russia
745	Southwest State University	29.415	Russia
746	Mordovia State University	28.983	Russia
747	``George Emil Palade`` University of Medicine, Pharmacy, Science, and Technology  of Targu Mures	28.812	Romania
748	Hunan Normal University	28.716	China
749	Ural State University of Economics	28.447	Russia
750	Ataturk University	28.297	Turkey
751	California State University, Long Beach	28.266	USA
752	Beni-Suef University	28.257	Egypt
753	Omsk State University	28.198	Russia
754	Ninevah University	28.076	Iraq
755	Reshetnev Siberian State University of Science and Technology	28.052	Russia
756	University of AL-Qadisiyah	27.818	Iraq
757	South Ural State University	27.538	Russia
758	Tver State University	27.471	Russia
759	University of South China	27.433	China
760	Wenzhou University	27.237	China
761	Democritus University of Thrace	27.207	Greece
762	Volgograd State University	27.202	Russia
763	Shanghai Maritime University	27.144	China
764	The Kosygin State University of Russia (Kosygin University)	26.969	Russia
765	Maikop State Technological University	26.918	Russia
766	Samara State Technical University	26.522	Russia
767	Moscow State University of Food Production	26.46	Russia
768	University of Babylon	26.219	Iraq
769	Ostrogradskiy National University of Kremenchuk	26.138	Ukraine
770	University of Mosul	26.092	Iraq
771	King Mongkut`s University of Technology North Bangkok	25.924	Thailand
772	Al-Iraqia University	25.758	Iraq
773	Polzunov Altai State Technical University	25.44	Russia
774	Azerbaijan State University of Economics (UNEC)	25.027	Azerbaijan
775	Tambov State Technical University	24.888	Russia
776	Tanta University	24.826	Egypt
777	University of Information Technology and Communications	24.715	Iraq
778	I-Shou University	24.691	Taiwan
779	Chung Hua University	24.688	Taiwan
780	Kabardino-Balkarian State University	24.484	Russia
781	Technical University of Cluj-Napoca	24.464	Romania
782	Mahasarakham University	24.359	Thailand
783	University of Fallujah	24.289	Iraq
784	Don State Technical University	24.207	Russia
785	Southwest Petroleum University	24.179	China
786	Ubon Ratchathani University	24.161	Thailand
787	Lipetsk State Technical University	24.137	Russia
788	Azerbaijan University of Architecture and Construction	24.066	Azerbaijan
789	Middle Technical University	23.76	Iraq
790	Ufa State Petroleum Technological University (USPTU)	23.755	Russia
791	Vladimir State University named after Alexander and Nikolay Stoletovs	23.739	Russia
792	Soochow University (Taiwan)	23.51	Taiwan
793	European University Skopje	23.304	North Macedonia
794	Chaoyang University of Technology	23.164	Taiwan
795	Al-Ahliyya Amman University	23.042	Jordan
796	Voronezh State Technical University	22.845	Russia
797	University of Dubrovnik	22.682	Croatia
798	North Caucasus Federal University	22.598	Russia
799	Tunghai University	22.487	Taiwan
800	Kafrelsheikh University	22.48	Egypt
801	Tomsk State University of Architecture and Building	22.47	Russia
802	University of Kerbala	22.449	Iraq
803	ESIC Business and Marketing School	22.404	Spain
804	Volgograd State Technical University	22.355	Russia
805	National Chiayi University	21.782	Taiwan
806	Istanbul Gelisim University	21.67	Turkey
807	University of Thi-Qar	21.494	Iraq
808	Istanbul Medipol University	21.479	Turkey
809	Emperor Alexander I St.Petersburg State Transport University	20.328	Russia
810	Ming Chuan University	20.324	Taiwan
811	Novosibirsk State University of Economics and Management	19.885	Russia
812	Al-Mustaqbal University College	19.876	Iraq
813	Al-Kitab University	19.664	Iraq
814	Kemerovo State University	19.616	Russia
815	Al-Nisour University College	19.598	Iraq
816	NED University of Engineering and Technology	19.453	Pakistan
817	University of Petra (UOP)	19.447	Jordan
818	Ulyanovsk State University	19.373	Russia
819	Poltava National Technical Yuri Kondratyuk University	18.86	Ukraine
820	Tatung University	18.844	Taiwan
821	Pacific National University	18.746	Russia
822	Islamic University in Najaf	18.556	Iraq
823	Interdisciplinary Center Herzliya (IDC Herzliya)	18.473	Israel
824	Tra Vinh University	18.372	Vietnam
824	Maritime University Szczecin	18.443	Poland
825	Mari State University	18.347	Russia
826	Al-Furat Al-Awsat Technical  University	18.118	Iraq
827	Togliatti State University	18.053	Russia
828	EA Buketov Karaganda State University	17.835	Kazakhstan
829	Sevastopol State University	17.742	Russia
830	Can Tho University	17.649	Vietnam
831	Vyatka State University	17.298	Russia
832	National Formosa University	17.17	Taiwan
833	Al Muthanna University	17.121	Iraq
834	Northern Technical University	16.739	Iraq
835	Belgorod State Technological University	16.548	Russia
836	Al-Karkh University of Science	16.289	Iraq
837	Platov South-Russian State Polytechnic University	15.567	Russia
838	Jabir Ibn Hayyan Medical University	15.361	Iraq
839	Behalf of Basrah University College of Science and Technology	15.229	Iraq
840	University of Kirkuk	15.102	Iraq
841	Arab American University (AAUP)	14.688	Palestine
842	Savannah College of Art and Design	14.424	USA
843	University of Samarra	14.232	Iraq
844	Kozma Minin Nizhny Novgorod State Pedagogical University	13.941	Russia
845	Southern Technical University	12.485	Iraq
846	University of the Thai Chamber of Commerce	12.468	Thailand
847	Baghdad College Of Economic Sciences University	12.227	Iraq
848	Rostov State University of Economics	11.781	Russia
849	Dijlah University College	9.716	Iraq
850	University of Warith Alanbiyaa	9.706	Iraq
851	Al-Safwa University College	9.174	Iraq
851	Madenat Alelem University College	9.174	Iraq
852	Al-Toosi University College	8.683	Iraq
853	Al-Ayen University	8.589	Iraq
854	National University for Science and Technology	8.34	Iraq
855	Imam Ja`afar Al-Sadiq University	8.331	Iraq
856	Al-Amarah University College	8.288	Iraq
857	University of Alkafeel	8.063	Iraq
858	Murmansk Arctic State University	7.888	Russia
859	University of Al-Hamdaniya	7.775	Iraq
859	Al-Zahrawi University College	7.775	Iraq
860	University of Sumer	7.132	Iraq
861	Al-Manara College of Medical Sciences	6.749	Iraq
862	Karaganda University of Kaspotrebsoyuz	6.506	Kazakhstan
863	Bilad Alrafidain University College	5.76	Iraq
864	Al-Farahidi University	4.834	Iraq
865	Al-Kut University College	4.721	Iraq
866	Al-Rasheed University College	4.568	Iraq
866	Al-Esraa University College	5.53	Iraq
867	Imam Al-Kadhum College	2.933	Iraq